PM2.5,PM10,NO2,SO2,CO,O3,AQI
115.49,163.52,77.86,50.97,3.68,18.39,153.59
285.46,194.64,69.92,75.18,1.0,13.81,188.25
220.94,343.27,39.35,57.14,1.8,92.61,209.52
181.6,142.6,123.42,10.16,3.35,145.09,192.71
51.03,349.16,97.94,20.19,2.46,77.89,155.57
51.02,44.37,173.81,23.49,3.72,12.47,115.36
22.13,312.95,11.26,27.27,4.81,37.08,153.57
260.52,340.54,130.55,57.41,0.67,40.49,213.78
182.33,80.91,153.78,51.39,3.58,53.99,179.07
213.88,177.84,153.1,21.91,1.23,11.32,166.4
11.07,74.54,177.78,8.62,2.13,136.21,99.26
291.12,285.58,147.16,18.8,0.26,79.76,213.4
250.57,218.79,185.92,98.47,0.77,102.28,208.55
67.64,257.78,69.87,47.92,1.67,14.74,121.1
58.64,86.63,103.13,87.0,1.78,12.85,93.51
59.1,92.58,7.75,85.18,4.51,90.04,132.96
94.75,26.18,6.36,52.13,3.73,133.66,125.38
159.8,135.61,51.82,71.26,4.86,81.63,191.14
132.42,228.3,24.66,20.89,3.04,132.28,169.79
90.91,344.59,55.74,69.46,1.28,122.59,158.25
185.5,270.1,39.52,28.69,1.71,16.0,165.0
46.15,179.8,10.56,83.54,1.67,34.28,94.51
91.18,381.72,182.31,10.2,1.7,100.37,181.74
113.08,290.51,6.6,77.77,3.4,69.31,173.46
139.54,372.76,148.54,11.79,2.7,47.15,201.42
236.63,215.76,34.67,88.36,1.99,65.7,191.52
63.9,110.97,182.88,31.81,0.83,69.55,101.26
156.7,30.6,179.1,66.13,0.21,137.03,125.96
179.76,293.17,132.51,49.78,1.17,20.0,175.98
18.7,57.31,136.09,37.9,0.63,45.56,59.38
184.23,128.08,6.04,65.25,3.95,82.95,178.41
55.3,217.66,197.05,94.86,0.65,106.25,130.4
24.19,230.12,176.18,6.04,3.65,96.44,151.93
284.92,244.23,179.55,92.05,1.99,141.54,250.03
289.86,74.84,133.55,61.69,0.46,120.36,182.06
243.48,158.1,72.23,81.12,4.08,85.78,222.06
94.86,250.71,179.26,39.62,2.94,36.13,168.46
33.81,388.23,61.85,48.24,1.26,70.38,134.66
206.85,293.78,114.73,87.15,4.48,105.54,250.51
134.84,369.82,24.45,42.66,0.32,126.5,159.64
41.0,307.26,184.78,54.4,1.09,144.16,148.97
151.08,240.77,32.45,3.98,3.79,92.79,184.54
15.14,84.89,48.85,17.54,3.58,81.4,97.97
273.25,270.01,113.84,64.89,1.52,7.57,210.76
81.34,253.12,154.0,72.26,0.4,15.45,121.86
200.44,244.96,125.77,59.09,4.3,27.64,222.66
96.95,201.02,50.27,16.04,1.64,12.94,114.63
158.42,216.18,5.18,45.65,1.06,63.13,137.3
166.28,140.43,152.64,36.8,2.63,53.85,168.68
59.53,212.53,197.12,50.57,4.56,97.42,183.96
291.03,87.05,162.93,87.29,0.31,82.67,184.09
233.66,324.02,94.74,78.03,3.85,91.42,251.78
282.15,82.45,181.23,10.23,2.91,73.44,212.15
268.97,43.14,84.92,89.25,2.18,45.27,177.44
181.38,180.14,107.36,48.23,3.75,143.16,207.17
276.95,266.74,98.04,74.9,4.83,17.53,261.44
31.11,180.71,92.29,15.72,1.22,141.14,103.52
62.81,117.93,156.16,67.73,0.8,50.13,98.49
18.34,227.69,107.72,25.16,4.57,79.34,152.05
100.97,145.33,66.76,44.96,3.38,20.78,137.75
119.66,373.82,55.34,3.65,2.25,15.29,167.28
85.05,369.83,12.36,16.86,2.91,67.28,165.25
249.48,205.93,118.72,11.02,3.75,112.55,233.07
110.24,137.87,49.84,25.49,3.89,44.06,146.62
87.88,297.48,33.89,11.8,4.61,86.54,183.0
165.1,24.32,132.5,69.81,2.19,45.4,137.44
46.57,195.16,137.84,4.85,1.54,61.35,111.09
241.65,141.17,151.67,62.54,3.23,136.43,222.88
26.99,369.01,103.2,15.79,2.14,129.1,153.08
296.13,14.68,179.34,94.63,3.01,79.82,214.93
232.81,225.6,187.59,93.44,2.16,39.53,214.02
63.62,298.86,162.44,24.1,0.85,33.01,129.69
6.63,199.16,128.94,62.21,2.4,143.34,125.55
245.56,43.31,64.23,4.74,3.49,34.39,174.44
213.52,389.26,196.67,93.32,4.02,122.18,280.67
220.06,212.02,58.46,53.25,2.52,58.5,191.06
232.52,249.53,44.52,6.24,0.91,147.92,186.05
26.84,102.28,91.22,35.56,2.13,58.38,89.17
110.75,198.56,16.08,9.53,3.95,55.97,155.07
39.18,177.37,195.81,40.51,2.12,97.43,131.03
259.62,39.21,119.74,67.65,3.51,144.42,210.77
188.87,51.4,113.61,48.05,2.59,146.55,168.44
102.61,336.61,132.88,39.6,1.28,107.54,167.62
23.75,103.53,101.92,13.68,4.0,114.42,124.04
96.74,86.03,11.25,26.0,0.51,86.69,80.88
100.93,206.92,124.4,11.81,2.67,114.59,158.86
220.23,309.81,144.65,81.13,1.12,129.67,216.17
193.08,34.16,86.27,15.25,0.43,75.48,116.28
266.73,234.96,152.67,60.35,2.56,94.88,235.32
144.3,56.49,49.27,35.59,2.55,82.91,130.62
40.28,24.22,48.15,24.15,3.56,86.56,97.03
215.41,30.57,36.48,64.67,3.75,134.06,180.56
229.43,335.32,77.54,46.79,3.67,56.56,238.62
170.58,56.01,170.17,41.21,2.11,35.19,145.96
232.44,27.61,166.44,60.1,3.2,71.16,188.08
150.67,180.78,79.65,50.14,2.93,35.17,162.57
159.21,339.16,119.88,31.74,2.17,77.27,196.74
131.12,112.34,145.56,56.79,3.03,136.01,168.23
12.5,174.47,52.04,67.61,4.74,94.53,139.76
36.83,25.57,37.79,4.62,1.05,129.04,61.01
14.27,185.14,194.56,47.66,4.54,29.1,149.13
192.74,235.27,125.42,7.65,0.36,135.63,169.5
97.74,232.65,196.38,20.27,1.61,92.26,155.11
155.03,139.65,70.86,56.93,1.51,9.61,130.38
272.73,133.06,142.09,86.89,3.17,96.8,227.76
78.54,51.58,48.41,88.51,0.74,142.95,90.43
126.06,153.05,55.93,8.85,4.42,16.48,159.14
227.89,48.8,104.82,43.07,4.16,89.46,196.76
72.5,308.97,67.33,59.13,3.3,137.74,176.89
27.71,386.85,37.69,16.41,2.35,6.41,131.9
90.48,388.33,56.26,77.01,4.67,96.48,214.54
52.56,347.38,11.97,74.94,4.17,73.86,173.43
279.26,244.31,142.36,90.53,2.55,55.31,237.47
243.4,283.34,100.96,2.83,3.54,95.99,236.94
191.85,121.23,23.38,23.24,2.88,12.64,151.88
262.08,256.0,38.48,83.06,2.98,114.19,231.95
242.08,187.7,24.99,67.72,1.72,5.65,171.57
60.04,197.99,124.46,89.65,2.36,49.51,134.14
268.3,305.53,23.37,7.6,0.48,78.07,191.65
164.11,119.95,152.09,60.5,1.85,59.67,155.21
243.19,134.04,9.0,57.77,3.51,49.58,191.29
269.35,370.61,53.63,5.5,4.77,125.47,280.84
98.81,31.93,178.68,52.33,4.82,140.55,171.31
37.47,199.4,145.11,61.73,2.82,131.69,144.9
72.24,365.99,19.23,20.75,3.07,80.75,165.25
131.0,248.04,165.12,28.79,1.01,133.2,164.78
246.31,223.1,101.14,64.75,3.51,138.52,238.18
258.92,107.4,170.12,47.89,0.45,64.34,171.7
7.05,143.88,122.14,86.09,1.49,46.1,87.87
155.67,342.3,137.96,35.55,3.37,19.25,208.49
128.14,228.1,198.73,28.13,1.62,74.47,164.97
70.52,210.75,50.31,98.52,0.34,142.21,114.25
40.36,48.84,126.67,91.29,4.18,86.33,129.63
104.6,16.25,94.76,4.84,1.62,101.8,99.37
283.16,385.84,12.69,77.53,0.41,21.37,209.43
100.34,157.02,7.82,12.81,0.47,25.81,84.87
158.04,245.25,28.25,4.69,1.33,72.35,147.83
212.39,41.09,131.57,28.82,0.97,142.93,151.82
112.27,276.41,115.6,28.4,3.89,57.31,187.38
291.68,373.7,112.92,82.29,1.68,132.24,261.56
288.92,234.51,11.21,71.65,4.04,22.44,235.33
79.28,59.18,96.51,98.2,0.95,94.47,96.29
151.69,236.87,185.3,71.73,2.52,92.09,194.56
93.76,308.88,82.53,42.99,3.47,129.68,187.48
89.03,168.5,126.86,70.49,3.29,5.48,145.63
15.88,353.14,157.06,99.95,3.05,32.54,161.1
184.82,262.99,157.87,71.59,4.63,36.85,232.37
153.29,360.71,106.26,76.64,1.22,142.75,196.77
20.19,253.17,172.3,93.96,2.52,27.29,135.83
87.2,61.2,81.32,13.14,4.43,10.36,128.66
272.94,130.78,178.3,71.07,0.48,82.5,188.78
75.67,88.7,51.84,85.38,0.37,81.64,82.18
47.74,364.44,59.64,95.53,1.24,127.39,148.24
149.39,306.56,15.36,22.67,3.2,142.58,195.05
295.77,273.8,160.14,51.39,1.37,83.09,235.29
76.41,127.38,86.33,68.69,1.03,139.85,112.32
203.28,81.78,49.68,26.25,2.35,110.15,159.49
229.68,305.02,50.2,60.85,3.11,43.36,219.59
75.1,194.92,180.77,27.24,1.32,139.62,139.58
219.82,98.06,167.61,34.68,1.57,101.78,175.02
113.5,250.48,112.94,45.27,3.11,65.04,173.32
191.53,25.73,125.14,53.86,4.73,103.64,192.47
191.89,137.21,97.49,46.04,3.41,63.19,184.0
163.05,192.74,81.37,50.33,3.94,21.56,183.29
31.64,67.7,183.52,31.26,1.9,109.25,101.7
251.41,394.02,29.49,17.58,1.43,124.49,225.74
99.63,91.55,86.6,6.64,2.33,110.68,123.31
60.02,60.84,72.19,21.21,4.05,38.22,115.68
17.03,89.38,102.14,59.03,2.34,143.71,102.51
179.31,309.93,94.24,79.04,4.25,8.66,220.79
204.88,175.95,106.18,18.59,4.94,53.24,217.09
9.89,230.51,32.28,12.64,0.45,42.71,69.37
156.07,18.19,105.06,75.43,0.32,11.98,96.0
71.82,23.43,52.27,31.91,0.83,63.83,66.51
195.33,183.87,40.94,95.25,1.98,95.35,174.63
56.44,328.5,17.64,72.0,0.74,132.97,129.2
208.83,355.24,153.72,34.02,4.37,148.51,268.81
119.09,43.82,88.35,30.38,0.21,122.17,94.22
281.34,219.96,127.2,53.32,1.65,72.96,216.59
45.57,366.16,146.88,9.76,1.01,109.94,146.03
105.61,161.31,137.47,13.53,4.66,127.33,185.55
38.47,333.53,96.75,19.23,3.38,72.47,160.11
277.78,62.14,80.64,77.92,4.57,118.83,229.79
263.82,374.8,78.31,52.36,4.86,74.98,281.68
81.09,303.06,129.81,3.04,2.54,61.04,160.02
199.7,377.12,101.48,68.0,1.25,81.28,208.24
246.08,273.88,170.58,43.52,1.05,103.0,214.34
168.78,151.73,175.57,52.06,1.19,110.4,163.84
161.25,375.89,38.26,22.98,3.57,56.73,209.8
76.35,117.47,31.57,56.07,0.3,87.84,82.02
32.47,139.55,127.93,97.96,0.35,136.93,95.7
269.68,283.32,63.74,9.2,3.08,146.57,243.2
270.62,308.47,8.62,29.82,3.25,37.95,228.6
191.76,372.47,178.29,25.81,3.36,32.96,235.86
105.01,89.87,49.25,26.36,1.92,103.12,114.3
108.02,321.22,186.21,39.11,4.05,65.13,209.8
219.16,298.03,144.9,82.17,2.71,8.51,219.22
269.65,34.88,153.72,91.46,0.62,55.29,164.58
266.69,161.02,44.28,21.82,4.01,121.98,226.09
235.06,120.28,50.67,55.21,4.77,120.63,220.85
194.4,128.75,106.65,64.42,0.39,76.73,143.37
29.82,393.35,38.56,53.14,2.02,73.52,142.99
52.68,260.68,64.56,44.54,2.49,89.03,138.03
270.07,289.89,67.69,20.81,0.82,36.81,196.03
183.9,390.88,36.13,49.85,4.35,81.28,239.61
7.71,157.11,45.01,41.32,1.49,6.6,68.77
34.93,322.72,158.77,79.97,3.94,73.96,180.47
200.73,179.47,37.6,76.83,3.39,53.73,188.39
6.49,349.12,10.55,15.13,3.03,102.86,136.4
52.44,80.46,127.72,10.67,1.04,97.56,87.55
166.88,379.6,195.32,91.0,1.18,60.22,207.82
209.11,95.32,69.59,54.48,0.33,6.05,124.48
197.33,137.23,28.14,86.06,1.28,41.58,144.63
71.16,304.91,116.23,7.7,1.79,96.84,149.07
215.09,163.56,181.74,53.6,4.18,15.49,216.43
74.99,247.2,157.89,54.86,1.9,20.61,140.13
100.99,183.38,126.39,86.35,3.8,98.82,176.46
225.21,299.52,66.44,11.57,2.25,114.59,212.1
196.64,99.05,110.67,25.56,3.95,51.62,184.55
255.52,32.8,22.79,41.84,4.88,76.0,201.03
199.0,126.97,137.39,86.85,1.28,142.13,174.73
172.65,194.98,146.39,94.01,4.33,142.1,225.61
32.63,75.53,193.18,99.29,3.15,49.59,121.71
113.48,148.37,55.78,96.0,4.1,122.45,172.97
83.23,165.99,8.6,2.58,3.29,91.12,131.1
76.98,32.38,111.39,6.68,2.18,146.45,109.27
292.04,237.49,142.82,16.47,1.22,74.25,216.78
120.96,354.89,159.13,36.19,0.44,117.33,171.1
268.15,69.18,42.78,83.33,2.72,116.38,194.17
191.19,243.15,56.04,89.48,4.95,77.13,228.32
239.47,269.25,104.96,20.31,3.72,120.37,241.21
153.28,173.54,69.47,62.73,1.7,42.85,144.7
175.19,283.43,172.8,91.9,4.15,22.73,227.58
150.29,170.19,97.38,47.45,3.87,66.65,181.52
62.6,206.81,160.92,12.15,1.48,141.83,135.23
218.12,12.87,118.22,46.87,0.17,77.61,126.44
87.83,279.77,155.75,38.83,0.68,97.11,143.08
12.17,267.92,69.87,58.61,4.4,95.5,155.1
195.41,24.98,167.13,44.99,4.2,24.22,179.35
57.25,153.62,58.54,3.7,1.55,61.59,95.21
282.44,391.82,111.49,99.41,1.5,107.51,256.59
286.41,174.09,46.73,55.27,3.99,145.94,243.58
274.88,205.76,97.73,48.42,4.69,29.36,245.43
114.2,364.87,67.04,95.55,3.92,64.51,206.71
9.56,289.73,57.01,17.27,3.07,18.79,120.88
278.85,237.01,193.56,20.55,1.29,40.14,215.39
131.31,321.14,36.21,81.19,2.68,59.63,179.39
290.16,347.1,158.53,27.56,1.24,83.39,243.19
289.27,188.19,196.91,80.32,4.06,38.43,257.57
256.64,195.29,8.88,28.61,2.0,38.0,181.55
91.86,160.56,141.31,5.25,4.19,117.79,171.02
118.6,387.02,54.32,52.67,1.97,144.58,189.49
256.09,281.89,12.9,21.28,4.14,51.92,232.74
98.49,42.46,83.56,76.27,1.73,104.76,109.76
55.0,346.55,187.37,64.84,2.26,42.42,166.11
169.26,197.42,7.29,92.51,3.12,139.55,185.2
281.17,36.81,119.64,78.73,0.44,102.57,167.7
210.33,224.39,102.77,19.72,4.75,121.39,235.8
173.17,172.69,175.31,80.42,2.91,12.16,183.63
33.67,352.32,21.38,64.89,2.59,91.78,146.22
186.43,89.56,137.9,67.56,4.21,81.5,195.34
297.07,332.32,137.62,83.56,4.34,47.48,286.55
46.32,227.5,135.47,58.23,2.66,43.05,136.52
157.91,31.3,188.76,47.67,4.64,89.1,185.52
263.83,389.02,165.5,64.39,0.42,107.44,236.97
223.53,209.92,13.18,31.2,0.65,9.81,147.79
210.62,123.44,96.86,19.89,3.02,87.27,183.91
212.23,193.07,82.6,62.43,1.83,29.72,174.12
111.05,344.56,65.48,24.92,2.37,25.35,165.07
91.61,128.91,93.01,9.83,1.71,95.35,117.28
243.76,85.14,79.92,2.05,2.08,50.08,165.49
243.98,60.34,89.31,61.62,4.13,68.93,201.52
260.79,126.17,195.96,37.49,3.01,57.2,216.39
274.41,314.22,22.28,75.73,4.99,99.01,273.18
155.85,193.93,184.84,38.77,3.96,73.17,203.04
152.95,98.72,98.65,49.63,1.44,144.7,144.0
240.5,74.81,126.63,41.89,1.4,56.1,163.69
196.74,139.76,166.89,65.76,1.75,112.34,181.3
212.08,376.57,75.29,36.9,4.23,42.31,244.96
239.76,143.78,88.93,96.45,0.23,78.77,162.97
267.55,395.37,84.86,93.74,1.23,85.12,239.38
104.71,199.24,78.07,85.11,4.53,52.72,177.87
115.8,79.87,185.48,92.19,3.24,73.41,158.88
32.72,357.54,166.64,46.02,1.21,45.5,139.19
175.59,189.54,26.25,54.57,1.17,5.87,136.03
15.6,286.77,26.08,74.73,4.33,36.27,145.32
142.35,393.65,88.43,70.22,4.48,106.51,239.13
165.08,29.57,24.24,89.29,1.36,116.79,122.35
89.53,47.71,125.72,72.2,2.16,45.63,110.68
179.3,290.98,33.02,99.79,4.19,64.17,217.31
14.0,119.91,106.86,36.15,3.88,10.42,108.96
16.02,81.88,6.41,83.63,4.09,39.37,99.34
247.67,25.35,66.74,70.37,2.64,117.99,178.48
111.26,18.52,137.05,69.76,4.57,92.87,158.17
42.48,312.05,99.39,33.93,1.7,34.84,128.39
159.06,62.43,195.76,78.99,0.87,42.33,132.74
232.15,192.41,175.45,90.24,3.57,123.44,238.79
68.67,246.3,75.02,23.42,2.74,35.32,136.76
188.75,177.06,13.87,63.3,4.29,53.45,191.65
30.18,20.57,169.9,40.43,0.5,101.33,68.38
20.25,315.57,182.69,98.98,4.23,86.36,184.98
161.75,14.1,165.02,48.93,1.54,71.83,131.0
164.49,307.14,29.95,24.38,3.31,135.46,204.1
193.04,358.39,199.59,39.42,0.3,36.86,192.75
219.2,178.81,55.42,66.08,3.09,112.51,201.54
292.88,218.86,146.22,9.46,3.61,28.06,242.23
157.31,196.02,182.07,61.15,1.91,94.28,178.3
100.27,161.79,50.96,93.26,1.16,131.24,126.46
239.58,356.1,182.11,85.34,2.73,71.4,254.63
84.9,358.63,65.35,8.63,4.18,110.02,195.59
134.5,140.97,195.4,99.35,1.69,123.96,165.11
28.14,249.88,59.85,70.48,1.34,24.72,101.02
12.48,371.49,190.92,17.9,1.47,107.34,147.82
288.98,385.2,15.44,3.22,4.75,138.38,287.29
251.61,208.49,143.31,18.79,1.86,88.57,206.91
210.31,186.6,108.76,84.14,0.12,31.99,152.74
125.64,118.69,98.19,4.12,3.93,23.41,151.6
56.12,383.96,48.58,24.85,3.53,42.66,168.31
51.15,65.7,142.59,76.22,0.73,20.01,76.56
78.82,236.13,42.21,59.44,4.93,79.44,176.84
167.02,120.19,112.8,78.71,3.08,15.11,164.1
215.81,118.81,54.38,75.12,2.55,37.39,169.67
199.76,167.94,191.35,6.96,1.97,68.79,182.8
87.58,399.53,10.58,89.47,4.5,73.72,204.08
286.69,31.44,43.95,24.25,1.3,86.98,162.46
222.68,235.63,52.25,56.23,1.5,107.31,188.26
168.53,42.2,85.74,65.14,0.7,11.85,107.5
185.46,70.26,50.38,18.53,3.82,16.69,157.44
128.78,181.43,100.81,97.67,3.02,13.82,160.03
78.08,209.08,175.13,49.84,3.08,66.36,160.52
110.01,110.93,143.85,7.65,1.17,11.07,107.75
228.56,133.42,118.09,93.85,3.29,113.18,211.55
9.25,43.92,22.36,59.45,3.85,37.34,85.14
39.24,128.26,140.33,70.52,1.85,141.19,118.43
18.57,386.96,37.45,53.47,4.03,75.53,167.51
17.01,378.44,158.34,83.8,1.81,69.72,152.22
257.36,140.6,53.76,5.25,3.81,118.18,214.6
212.58,232.63,86.32,28.3,0.27,108.41,167.58
144.88,364.74,73.34,48.03,2.8,93.06,202.67
33.86,12.41,172.47,9.51,4.85,140.6,136.7
150.03,326.17,29.68,71.18,4.91,66.23,220.37
144.67,379.86,115.3,40.58,1.48,122.24,195.74
56.09,45.62,32.7,28.72,2.26,60.11,82.3
132.99,72.96,142.44,2.33,0.41,126.56,114.5
122.56,384.69,181.49,72.54,4.38,42.62,232.52
186.68,219.64,89.75,83.71,2.89,46.94,190.76
192.35,15.54,100.18,40.71,1.99,103.29,144.45
18.36,110.48,185.85,57.29,0.65,35.84,78.21
115.51,185.48,106.59,24.31,4.74,38.23,178.54
189.63,280.23,100.08,62.98,2.7,49.26,201.07
153.43,295.93,117.77,3.19,1.49,103.44,176.35
257.66,398.21,139.4,49.89,1.82,133.96,255.94
199.31,122.13,25.84,65.13,1.43,102.81,151.36
53.07,219.91,165.12,91.98,3.05,125.03,163.66
25.82,218.0,89.92,39.37,4.66,83.82,153.78
194.51,168.2,19.11,76.99,4.3,14.99,188.73
12.82,75.97,158.31,60.57,2.36,19.57,88.4
177.8,391.21,78.51,92.85,4.15,85.39,245.48
282.37,342.79,24.57,41.04,2.17,52.53,229.77
174.76,204.35,128.59,33.27,1.34,36.98,158.98
119.51,245.27,176.63,88.94,4.92,72.61,216.92
194.77,98.63,178.11,6.83,1.59,101.64,164.12
140.18,222.08,191.74,15.37,1.69,60.82,165.2
165.96,281.04,174.2,10.08,4.95,121.37,242.18
282.73,210.92,5.42,84.62,0.76,112.09,192.71
118.9,396.21,79.15,3.04,3.83,111.56,213.11
288.55,248.42,164.62,86.44,4.69,147.85,290.9
272.08,154.68,76.42,46.22,2.61,47.81,202.14
62.76,311.14,122.3,2.39,0.11,98.49,122.37
25.46,76.48,123.23,41.36,1.94,129.04,96.53
34.73,159.96,76.18,20.31,0.65,89.03,82.4
10.38,145.31,181.37,63.19,2.14,119.48,116.75
32.86,178.4,103.13,68.58,3.97,65.1,140.48
206.49,314.89,95.63,49.78,2.25,90.62,212.23
26.0,198.83,199.52,5.97,2.22,13.07,115.9
99.1,319.67,101.23,66.3,2.83,147.94,190.0
254.24,234.83,39.79,84.52,2.95,121.0,225.49
11.87,143.41,105.05,72.59,4.3,130.98,140.53
245.27,325.89,163.73,83.34,1.61,105.67,236.19
88.15,102.93,156.49,21.65,4.13,31.98,148.17
39.86,97.51,158.77,89.11,2.87,9.5,112.69
210.54,206.76,143.06,33.57,1.57,130.38,193.53
190.54,111.73,54.57,3.31,1.55,62.47,139.64
263.85,13.54,173.11,84.65,1.87,43.26,177.21
221.85,262.84,179.22,94.3,3.15,86.44,237.85
242.03,209.33,42.86,66.24,1.23,66.03,180.1
88.2,183.75,30.44,24.68,4.61,99.49,163.13
57.34,387.12,195.24,26.67,2.92,75.15,187.34
226.43,232.77,174.32,47.73,4.61,106.1,253.08
243.02,346.74,179.18,89.99,0.33,128.75,226.65
297.2,64.39,177.84,16.66,1.78,33.36,191.78
126.72,231.99,110.63,82.95,0.21,52.77,133.07
114.75,348.51,131.05,30.55,1.43,68.34,170.07
234.04,237.41,111.35,81.24,4.32,144.5,252.46
105.54,290.03,14.99,92.19,0.28,57.97,124.57
279.57,155.1,150.37,43.89,2.24,60.26,212.39
258.23,46.06,103.54,37.77,0.68,99.75,156.92
131.55,188.58,131.3,80.62,2.14,65.78,160.1
226.51,163.85,103.01,53.89,4.21,142.93,228.81
227.59,348.15,100.9,69.08,3.15,134.7,250.21
35.42,105.16,38.5,63.04,3.71,79.44,114.85
271.25,387.03,59.35,16.98,1.81,98.49,238.44
154.05,383.67,35.98,84.79,4.73,13.41,225.16
248.8,106.58,43.15,21.19,3.58,105.88,198.94
99.41,145.74,194.73,93.36,2.17,107.54,156.09
269.18,359.27,34.86,26.56,2.19,57.08,228.82
119.81,386.98,57.51,73.92,4.6,36.85,215.89
8.2,182.94,120.16,29.9,2.92,137.69,125.4
272.09,135.19,123.98,33.14,3.56,66.87,221.23
31.93,215.18,35.02,32.38,2.14,99.79,111.42
99.2,278.23,159.77,75.29,1.2,9.83,146.24
285.27,116.66,158.11,56.57,3.65,65.04,231.25
285.43,297.22,51.28,88.53,3.08,123.5,254.86
174.16,30.15,61.29,32.12,2.56,61.2,135.63
191.39,29.22,187.91,69.82,3.16,92.46,178.8
137.29,160.65,166.01,75.79,1.12,35.43,141.65
91.5,147.85,141.07,16.85,3.99,65.4,158.68
101.96,133.1,21.04,41.26,4.75,139.51,166.8
203.39,201.5,86.56,49.32,4.47,87.14,219.64
226.95,135.09,114.06,36.86,1.68,135.78,184.09
238.52,84.98,41.55,33.57,2.09,135.79,173.7
237.94,130.69,92.4,69.27,4.06,141.9,224.3
31.91,390.21,122.2,23.15,3.02,134.83,176.92
150.85,170.33,68.84,71.52,2.78,5.48,154.48
21.98,183.44,157.28,93.63,4.64,140.43,169.11
167.11,234.85,168.89,57.39,2.73,24.93,189.52
135.25,393.5,68.1,61.92,2.62,10.79,190.18
266.87,104.22,168.54,8.76,0.31,13.03,160.29
108.52,275.7,25.2,86.72,0.44,55.59,125.94
39.53,289.23,168.36,29.97,0.14,95.02,118.21
47.18,246.86,34.79,62.28,4.57,63.34,157.81
229.65,44.55,21.17,97.95,2.1,8.71,146.56
187.37,273.98,130.15,60.36,2.4,74.09,202.36
34.83,35.0,97.03,73.02,4.24,69.11,116.79
29.81,242.5,182.04,45.64,3.09,114.74,155.78
211.79,298.44,75.82,7.92,3.09,45.54,209.7
26.47,92.28,60.99,80.16,1.55,36.54,74.98
247.45,338.23,102.64,5.43,4.19,42.11,251.67
213.34,21.84,93.91,70.66,0.91,49.04,131.9
29.0,339.09,72.16,4.25,0.36,91.88,109.85
30.03,189.53,140.28,86.51,1.04,73.37,106.2
296.06,94.86,153.11,17.45,1.41,53.85,191.36
115.41,62.17,171.33,52.4,1.48,59.28,120.68
114.34,381.79,194.71,60.52,3.39,58.78,216.95
244.78,38.34,57.0,46.84,1.17,146.0,158.22
284.44,87.65,144.64,35.39,3.42,38.78,213.59
295.87,145.65,81.88,47.85,0.55,123.62,191.29
227.25,251.89,137.03,32.52,0.82,107.69,193.56
116.0,222.47,97.82,44.94,2.59,5.81,149.83
29.63,59.0,198.79,37.17,4.62,149.01,148.8
234.26,122.99,147.14,57.49,4.31,114.68,228.0
169.73,103.11,190.74,25.32,4.85,103.96,207.95
130.15,93.28,167.82,98.89,3.29,63.77,164.65
272.37,170.35,181.07,51.09,3.41,85.5,239.29
37.8,284.57,163.81,21.03,3.16,41.72,152.41
150.32,94.81,94.54,48.75,3.15,10.15,146.95
8.35,153.0,54.1,86.91,0.82,126.22,81.99
143.25,162.46,77.21,4.14,2.76,134.99,163.5
21.61,390.82,8.95,68.6,1.99,28.56,129.17
40.05,382.32,107.18,55.7,2.27,119.12,166.03
39.67,322.05,103.49,18.62,2.67,112.47,154.52
196.52,104.25,107.42,82.11,0.73,30.86,139.35
225.08,36.53,194.94,38.15,1.86,66.17,168.24
177.09,133.59,182.73,30.79,0.41,66.3,144.15
288.84,114.05,36.53,83.16,4.9,115.19,242.93
115.59,207.31,76.93,64.58,0.68,126.46,134.88
89.29,313.31,87.67,90.03,1.37,18.74,143.84
261.24,344.75,75.3,63.73,4.47,86.63,271.12
70.96,339.5,160.71,74.6,2.47,115.45,182.15
289.15,150.27,107.19,83.97,0.76,119.0,199.51
8.59,278.02,116.56,7.36,1.98,26.46,110.97
291.11,132.01,171.34,78.05,0.67,81.2,198.55
17.73,33.75,162.16,62.14,1.08,129.35,80.0
267.89,283.61,30.78,8.81,0.35,51.19,182.38
160.67,13.83,144.21,51.84,2.25,66.64,137.56
297.92,169.58,89.91,10.08,4.05,121.63,246.61
26.77,138.46,62.46,74.12,2.97,17.95,102.44
168.39,280.42,14.75,55.56,3.07,129.63,196.72
290.94,308.84,100.01,95.45,1.08,50.12,226.45
159.31,128.6,74.31,19.95,1.79,5.21,130.14
190.67,326.53,54.05,61.39,4.24,38.95,225.29
210.25,124.63,140.46,22.74,0.53,17.98,143.02
139.09,184.07,155.05,62.18,4.3,18.4,189.24
190.13,293.54,52.73,72.82,2.47,105.46,202.82
177.37,280.24,14.64,72.79,4.2,36.03,204.91
270.84,395.07,170.51,81.88,1.66,140.54,267.07
18.41,97.81,6.94,85.65,1.76,79.88,74.92
87.88,268.3,187.74,9.57,3.78,71.71,185.43
285.37,247.78,127.39,35.64,3.95,67.97,255.77
267.63,366.89,67.76,69.34,1.23,105.43,231.72
139.42,70.98,53.06,50.86,4.87,70.58,166.6
187.94,303.2,6.76,20.69,0.51,23.65,150.16
86.83,231.62,50.92,56.17,0.44,132.62,120.74
60.5,117.12,31.86,41.93,3.02,67.12,111.93
141.79,195.03,124.37,40.22,3.64,15.73,175.38
109.24,140.17,37.48,81.36,4.81,81.76,169.88
177.18,235.93,108.08,41.94,2.08,98.87,184.56
27.93,356.71,120.07,4.59,0.22,44.96,111.09
292.45,232.03,63.12,7.69,3.05,121.05,237.59
295.93,256.37,11.84,85.91,1.52,102.12,218.12
210.96,212.31,12.26,96.14,2.22,99.3,186.52
163.15,29.95,10.14,69.46,2.49,66.02,127.02
96.31,100.81,149.13,37.71,0.42,144.48,112.74
245.07,201.88,67.01,93.98,2.48,44.76,201.79
207.0,130.99,160.28,66.95,2.19,88.77,185.88
52.97,80.89,89.19,84.74,3.59,49.81,120.56
273.72,206.61,93.33,77.05,3.26,113.0,238.42
247.65,135.9,105.01,39.16,1.01,11.93,162.81
285.19,110.66,144.04,48.91,1.11,11.65,181.11
219.09,190.95,58.33,20.24,1.33,122.57,174.93
185.96,61.98,28.71,30.62,0.98,67.97,119.0
128.38,371.82,113.43,78.26,3.32,54.47,208.53
280.15,348.4,68.76,89.61,4.97,93.09,289.57
260.49,285.97,91.29,73.0,3.3,106.78,247.83
18.34,51.42,131.15,47.59,3.07,34.17,93.27
12.78,312.59,101.35,10.48,2.11,31.89,120.29
116.06,325.1,125.95,7.58,1.63,143.93,177.16
244.11,309.43,111.12,38.68,4.56,90.5,262.11
296.25,54.45,149.26,47.45,4.85,61.57,238.48
49.37,261.12,142.66,61.69,2.53,121.21,155.74
180.27,335.39,109.17,2.64,1.52,81.15,190.83
117.36,235.17,137.39,98.99,3.87,40.04,188.6
291.12,262.1,175.34,37.67,0.75,34.98,215.42
253.43,188.76,89.29,85.11,3.85,62.54,228.18
252.31,216.2,85.49,54.43,4.11,129.68,243.57
143.26,23.41,154.03,14.78,0.71,13.91,99.34
127.37,259.2,118.6,80.16,4.89,36.69,207.4
85.66,41.76,18.85,71.56,4.93,134.51,146.71
21.63,179.66,178.96,53.69,4.69,22.65,150.54
260.09,124.14,11.0,52.43,2.53,96.3,188.16
244.81,222.72,150.94,10.57,1.31,35.96,191.14
299.92,62.03,152.96,66.27,2.95,92.85,220.15
299.01,279.74,190.86,91.3,2.16,60.55,254.76
168.85,320.05,15.56,11.14,1.11,19.74,154.6
231.85,73.71,121.39,27.82,2.18,89.46,174.53
283.71,50.68,88.43,90.43,3.35,104.04,211.83
255.65,66.75,69.47,29.87,0.45,103.64,151.27
77.97,352.08,22.61,66.09,1.73,97.37,152.22
137.91,215.99,114.72,54.41,0.19,77.53,135.45
43.1,192.23,98.41,60.44,3.77,80.32,145.13
286.45,51.62,25.39,42.75,3.24,97.17,196.15
183.82,263.33,124.44,31.4,0.41,105.09,169.87
72.45,348.52,148.9,6.76,4.83,99.96,209.1
203.15,332.99,154.62,74.94,0.21,90.11,195.22
187.35,254.16,181.55,75.12,2.99,27.6,209.52
110.66,39.36,84.85,67.73,3.9,35.54,135.53
38.5,53.83,190.85,65.08,3.96,42.73,127.12
203.11,29.23,173.76,25.88,0.27,138.35,140.52
158.49,110.42,62.82,4.19,4.54,115.11,180.71
232.83,62.91,36.06,81.25,4.6,85.17,201.03
158.45,111.42,89.9,50.13,2.85,41.55,153.16
256.39,160.17,83.37,32.07,2.46,21.08,190.4
167.81,377.76,117.27,11.99,0.32,135.32,186.56
170.48,248.05,118.76,8.15,2.85,134.44,199.4
263.61,335.64,151.25,36.19,2.11,21.05,233.63
124.03,287.04,104.43,80.86,3.89,120.6,207.16
44.53,53.88,25.44,92.03,2.08,69.76,83.26
13.49,297.01,172.37,89.88,3.45,51.98,159.18
227.77,117.29,65.4,92.16,0.6,112.17,159.37
187.99,259.25,194.4,90.96,0.75,94.08,190.69
212.7,142.98,27.98,53.67,0.78,118.1,152.73
67.82,399.09,191.86,23.5,0.32,15.78,145.29
45.23,112.79,22.75,80.21,2.75,51.2,101.05
9.29,118.86,50.05,22.94,3.99,51.3,104.84
108.42,372.96,14.08,28.19,3.09,52.81,177.18
179.03,19.61,142.5,24.86,2.92,77.86,154.83
120.71,281.71,170.81,52.47,3.44,46.04,193.93
134.06,292.88,89.64,33.54,1.76,69.44,165.88
271.73,336.19,186.06,17.11,1.87,58.33,242.4
107.74,390.03,120.11,46.41,1.64,111.62,185.1
156.63,390.48,127.85,87.64,3.59,92.51,236.41
236.18,35.46,169.86,57.91,0.89,99.78,161.18
121.98,330.52,62.88,88.08,0.16,35.53,140.92
188.52,262.06,74.08,21.2,3.02,52.2,194.2
259.4,262.46,181.66,18.36,4.72,8.07,257.31
285.11,60.06,180.69,58.41,3.09,20.71,208.4
48.39,263.57,195.41,47.41,3.94,43.43,171.68
278.34,393.17,180.86,66.7,3.4,14.49,276.89
150.17,365.61,29.84,79.87,2.54,92.38,197.57
81.18,181.26,165.63,75.63,3.62,149.73,177.89
140.45,25.58,84.92,94.34,4.14,19.62,148.48
294.11,151.29,198.21,41.03,1.2,124.08,218.37
150.32,332.29,97.09,22.23,1.75,22.23,172.91
101.98,283.58,113.0,55.99,1.2,102.14,153.32
191.85,189.14,108.31,12.85,2.32,98.26,181.57
75.84,31.49,67.74,30.31,4.44,135.89,136.76
27.38,176.49,19.63,22.37,1.79,21.52,81.53
43.02,192.92,179.65,40.86,1.93,50.74,123.46
42.77,372.14,161.52,12.9,4.32,18.16,184.52
49.81,260.02,32.21,5.12,2.63,64.07,126.26
45.95,131.54,156.47,66.37,2.72,137.18,136.23
194.06,214.87,127.04,61.8,4.32,118.32,228.35
58.65,35.76,84.78,71.42,2.5,109.82,104.5
106.97,389.3,54.53,66.72,3.44,82.29,199.44
269.55,150.42,172.65,13.2,0.52,133.11,192.88
144.82,196.37,141.54,30.53,0.98,70.17,146.64
201.93,148.56,111.81,14.69,2.08,26.7,163.95
55.83,276.18,123.87,84.61,2.52,126.45,161.45
61.73,268.27,22.76,75.2,4.83,45.55,168.59
17.06,288.98,97.41,21.75,4.86,12.78,156.16
54.84,114.58,42.77,35.45,4.27,23.28,122.36
87.18,133.11,45.63,96.73,1.65,93.31,116.71
57.22,58.85,133.95,60.23,4.82,93.03,147.08
31.17,265.65,182.69,80.51,3.48,42.73,159.63
40.59,25.52,83.73,27.93,2.03,110.44,83.64
140.93,243.1,45.51,22.59,3.54,117.18,184.73
65.87,349.18,131.51,78.82,0.18,138.47,147.28
112.46,357.42,174.88,69.22,0.82,89.82,175.34
153.51,185.12,150.92,68.74,4.17,118.02,208.12
208.67,189.13,174.41,56.16,3.26,114.2,219.15
16.6,40.02,109.63,57.23,1.88,42.38,71.44
240.83,271.6,151.62,74.1,2.55,49.98,226.6
190.23,330.29,32.31,28.46,4.54,74.38,229.03
29.12,105.42,72.91,36.57,3.19,7.76,96.41
262.71,174.31,80.96,87.42,2.05,48.12,198.81
276.66,337.15,104.7,32.27,0.69,73.71,218.43
23.02,352.08,186.17,55.54,1.54,20.67,139.29
86.68,104.84,175.49,70.86,4.89,23.31,165.95
242.83,224.72,31.23,99.99,2.24,72.17,201.23
225.74,85.07,38.69,44.66,2.41,110.99,170.41
59.43,49.73,74.74,43.95,2.54,125.89,106.36
66.76,365.34,61.7,84.57,4.43,84.22,196.6
114.29,330.0,124.88,80.94,3.06,73.84,195.51
147.93,306.41,181.04,73.65,3.5,60.72,216.57
187.39,29.02,192.65,47.4,2.01,32.98,149.46
113.83,339.05,132.45,33.75,0.24,26.25,144.16
141.45,180.84,168.44,61.66,4.66,119.82,212.08
225.5,143.53,107.41,87.87,4.75,72.43,225.93
15.82,223.13,45.62,88.61,4.75,119.6,155.86
79.47,45.63,107.31,12.63,4.72,107.09,145.2
215.44,305.09,113.24,43.98,4.09,33.11,234.97
269.09,237.15,149.78,47.54,3.45,78.99,245.95
155.94,82.77,47.88,97.81,4.24,69.38,169.87
161.97,83.41,76.82,68.44,3.04,66.46,155.45
36.62,81.86,75.99,41.91,0.76,83.67,70.53
136.99,32.23,192.09,4.55,2.02,147.4,142.87
162.12,239.24,91.57,57.41,4.86,122.87,223.49
76.53,337.74,152.24,11.42,1.82,136.04,169.85
84.43,16.82,151.41,83.78,4.35,9.3,134.9
116.3,29.11,56.78,75.75,0.56,25.35,80.59
10.92,233.38,116.51,47.13,1.74,17.29,101.89
100.01,329.6,179.39,44.06,1.82,43.17,171.01
67.38,137.43,97.66,89.94,0.35,69.07,93.73
101.61,146.35,189.3,30.27,0.68,98.1,126.3
40.33,242.58,46.82,26.4,1.05,77.62,101.65
267.71,116.94,19.46,94.04,4.21,135.96,226.27
180.11,20.38,178.83,81.31,0.41,141.28,138.43
205.34,296.74,170.3,82.42,1.56,28.71,203.03
237.81,254.0,198.56,21.13,0.15,128.67,199.37
152.04,236.49,137.48,16.04,3.51,74.85,194.2
30.64,299.26,187.65,4.55,3.14,70.73,158.41
163.45,273.34,166.26,25.23,3.26,118.82,214.24
178.12,90.29,169.66,77.87,1.93,18.51,154.34
224.9,147.47,115.98,25.52,1.12,132.96,176.16
132.34,59.18,79.56,73.45,3.63,102.28,153.84
42.64,60.64,187.24,26.69,4.07,131.91,140.84
88.71,273.72,89.26,40.74,0.78,149.2,141.76
112.11,344.85,110.07,98.35,2.49,80.11,189.46
195.55,385.47,91.99,25.99,1.32,18.52,194.27
173.38,255.06,115.14,38.88,0.92,29.15,159.75
110.05,81.8,96.75,31.51,3.7,51.92,141.3
296.02,51.2,14.35,12.74,2.74,20.02,176.13
183.7,327.01,177.0,50.01,1.16,123.22,206.31
74.98,235.72,91.66,39.11,1.62,48.05,126.29
35.03,251.13,119.84,70.1,4.84,146.5,183.75
50.09,314.77,32.14,82.12,4.26,106.88,175.93
77.56,284.28,5.66,55.34,4.41,30.15,164.96
52.4,335.44,52.83,5.16,2.35,74.03,142.9
60.04,31.92,142.39,62.65,3.16,72.7,116.28
89.1,301.53,24.34,7.43,1.95,76.41,141.0
56.15,341.83,182.23,62.4,0.48,82.68,144.01
269.55,121.59,46.93,69.13,2.07,9.52,178.5
28.67,259.77,44.9,21.38,3.01,104.51,133.13
159.73,132.52,40.39,82.3,1.51,75.64,138.64
126.07,383.61,7.73,91.29,4.25,119.69,219.21
294.8,23.04,155.5,81.68,0.84,123.23,185.11
38.05,236.12,175.63,31.9,1.9,38.43,126.23
122.37,74.94,124.76,59.49,0.71,12.02,101.08
290.99,287.77,41.7,91.65,2.08,106.97,236.67
260.32,78.6,60.63,33.43,0.29,146.78,158.72
246.04,101.8,97.81,82.36,1.44,69.77,173.68
81.08,202.8,191.1,2.93,2.06,42.64,139.3
55.41,366.79,53.23,2.36,2.44,27.72,144.55
202.25,92.57,147.67,76.45,2.76,46.68,177.67
279.17,66.25,90.69,76.62,1.45,52.55,175.78
169.25,306.0,63.08,79.32,2.66,66.46,196.21
173.63,205.24,93.9,93.14,2.59,100.03,187.82
87.59,365.6,18.89,13.55,1.65,44.61,143.78
232.0,67.18,160.74,24.73,4.17,12.39,197.2
60.18,261.91,52.44,90.57,2.77,59.13,143.85
100.49,100.82,146.46,19.37,1.73,129.07,129.55
130.5,71.14,18.33,68.86,4.74,77.26,158.78
154.75,276.54,191.24,53.99,4.24,144.89,236.64
76.51,241.54,42.64,10.15,4.91,78.03,171.75
38.88,304.38,177.13,29.96,3.49,45.01,165.12
185.13,130.69,162.85,53.0,1.95,33.03,164.17
90.15,184.71,193.73,85.53,1.48,105.71,148.61
176.47,168.13,98.19,71.34,3.35,82.78,188.75
50.54,393.79,146.84,62.94,4.91,92.58,214.77
146.94,123.98,77.29,50.61,3.17,114.49,164.96
162.11,124.98,40.95,31.27,4.42,110.26,181.95
20.29,148.27,91.4,13.69,1.71,11.29,80.23
104.3,230.19,37.32,42.09,2.09,121.37,147.18
44.65,108.41,196.5,4.79,4.54,82.24,149.94
23.7,366.96,23.77,22.68,3.81,61.8,155.1
297.04,113.62,119.9,44.38,4.91,82.94,250.04
100.09,359.37,127.16,43.02,3.9,93.81,207.8
243.91,50.36,109.93,6.34,2.3,26.68,163.23
80.12,266.06,134.13,59.73,2.7,65.53,161.71
206.04,363.72,27.66,55.87,4.51,53.66,240.63
229.27,75.81,113.23,9.65,2.8,55.81,175.24
180.71,387.65,61.01,94.43,1.35,18.24,191.42
144.11,186.62,188.33,11.74,2.23,28.18,162.14
126.49,378.83,153.6,85.77,2.63,28.47,201.7
107.92,273.96,194.64,2.03,0.57,59.12,144.83
279.21,127.62,12.32,88.46,3.74,134.7,224.27
250.03,83.44,60.6,3.93,0.64,34.87,140.95
289.68,128.46,43.11,76.27,2.08,65.35,196.72
41.67,46.28,7.18,37.45,4.04,50.18,98.91
220.61,66.11,52.25,74.35,2.39,119.17,170.48
281.81,50.82,137.36,41.37,4.23,12.27,212.86
58.46,174.95,50.06,8.95,1.78,33.5,98.43
24.62,320.28,104.26,77.22,4.79,35.54,174.48
223.63,65.14,178.12,8.98,1.13,148.98,169.34
174.47,60.82,140.28,92.37,0.29,87.76,129.71
253.34,260.94,81.95,7.0,4.37,25.15,235.91
46.23,86.9,77.63,48.97,3.79,44.47,115.87
239.6,48.07,93.87,72.86,1.24,29.33,149.77
64.48,75.07,39.52,40.54,4.93,23.07,128.13
53.28,370.26,128.63,23.29,2.56,120.59,173.49
53.46,330.37,76.01,76.39,4.76,76.88,189.43
245.3,148.09,171.21,78.86,2.57,96.53,214.4
201.23,265.77,152.53,92.42,2.41,53.03,209.91
159.3,219.54,124.05,38.86,2.3,85.29,177.43
110.85,274.08,76.02,51.61,1.74,42.35,148.19
263.77,276.24,45.94,37.59,2.72,49.67,219.58
120.77,255.21,156.35,27.19,2.32,99.57,175.22
245.9,113.78,99.85,75.6,0.28,26.8,151.87
134.54,25.21,48.83,35.29,1.38,94.5,104.53
116.2,187.67,43.06,43.96,1.14,128.57,131.32
141.49,357.48,37.25,41.56,4.35,22.46,206.46
93.91,232.1,156.55,71.84,3.03,135.13,180.44
225.54,334.63,49.65,91.94,3.84,16.52,233.9
153.3,396.73,107.7,67.34,4.79,55.59,243.72
73.5,73.81,93.05,48.22,3.26,93.52,125.81
270.37,279.79,118.02,78.36,4.91,86.12,276.29
118.25,272.97,176.05,64.82,1.63,18.98,162.04
165.35,392.18,174.21,7.94,1.01,120.84,204.82
272.41,394.38,92.96,11.38,2.08,146.11,255.98
189.15,277.8,8.0,5.72,2.41,31.28,173.79
39.48,105.01,88.16,46.77,4.49,134.79,142.22
282.25,321.44,123.21,82.93,2.84,85.74,259.48
190.17,51.74,113.76,32.68,1.53,140.71,150.83
103.8,314.47,132.01,39.65,3.74,30.53,188.84
46.09,364.98,35.04,91.13,2.58,119.84,162.45
239.24,159.31,131.07,84.02,0.89,13.67,171.09
187.92,255.95,40.62,67.17,2.93,133.06,203.02
162.37,177.76,151.35,28.15,4.57,102.75,209.92
268.7,180.73,71.12,13.47,4.23,58.69,227.88
237.64,131.04,143.43,3.57,2.98,32.62,192.66
49.74,307.23,14.33,12.49,1.95,123.4,132.47
96.96,375.11,84.53,30.67,0.53,92.47,151.32
78.3,376.89,142.48,56.08,2.4,57.26,178.29
224.46,78.16,49.24,8.27,3.79,69.36,180.81
14.89,351.15,160.08,15.35,1.87,124.85,148.44
173.12,297.6,128.0,19.75,1.25,54.14,176.87
229.93,108.61,119.57,63.93,4.66,18.0,210.68
263.65,36.24,73.94,62.35,4.13,137.14,212.49
105.91,114.52,99.08,55.98,3.23,61.16,143.32
247.27,365.76,121.48,26.55,0.77,55.52,212.82
37.64,256.94,97.13,38.37,0.81,34.64,102.2
254.7,291.21,141.17,11.48,0.61,135.13,211.8
42.61,110.29,89.57,24.19,3.12,36.54,107.24
122.2,290.56,44.44,89.98,0.67,97.32,147.25
240.2,20.97,46.72,98.01,4.23,132.71,200.42
49.23,156.38,6.13,65.47,4.97,10.06,134.42
72.63,254.43,63.69,91.85,1.9,125.17,145.88
218.06,66.98,151.04,64.99,2.32,64.54,174.3
217.41,330.97,159.86,5.25,3.59,100.41,246.53
194.14,101.66,44.48,99.68,4.69,59.0,193.86
209.71,264.39,192.01,11.7,4.48,105.85,249.83
165.1,168.03,102.97,68.9,0.38,41.87,134.0
79.28,242.46,183.81,26.78,0.93,8.18,125.61
106.98,51.91,142.82,40.41,3.8,142.43,156.96
58.57,16.6,145.87,65.3,3.48,7.37,108.4
272.99,364.73,21.58,44.78,0.75,124.49,219.82
177.1,115.16,47.9,26.55,2.56,29.52,146.54
123.25,329.67,6.72,34.78,3.93,61.87,187.89
141.29,399.75,144.64,35.47,1.17,124.26,197.93
284.45,92.46,72.17,96.01,4.37,34.86,223.47
50.24,113.42,158.4,80.26,0.36,130.53,99.54
177.94,268.52,71.09,46.94,3.93,77.18,210.8
154.24,386.52,164.77,21.58,3.12,58.09,221.35
185.38,367.17,30.49,81.48,1.64,101.05,200.13
10.34,206.12,38.81,17.4,3.63,54.5,115.59
262.28,320.09,71.47,22.63,3.93,55.36,249.22
279.97,62.94,84.66,37.87,4.68,111.36,227.91
171.71,391.2,73.0,88.27,1.9,49.93,202.72
210.51,386.1,153.91,14.92,3.46,34.11,243.04
277.14,73.85,23.91,13.98,3.05,122.11,194.72
213.64,126.78,73.49,50.41,2.67,121.78,185.24
50.0,49.06,168.26,29.09,4.46,77.15,136.48
175.01,115.97,18.03,57.74,0.12,81.37,115.61
183.98,328.22,188.76,46.26,1.48,105.93,210.3
130.12,157.54,197.33,44.63,2.74,78.84,170.51
222.25,44.47,22.27,12.97,0.97,65.47,126.86
280.64,143.47,61.8,15.82,4.55,149.26,242.42
278.04,392.74,77.62,82.47,3.27,26.41,262.71
138.0,255.58,156.4,88.82,2.44,90.95,188.92
38.41,172.3,121.21,25.0,4.09,133.45,151.9
295.53,74.95,130.65,13.12,2.31,104.65,204.45
252.47,394.61,152.71,7.23,2.84,132.73,266.01
41.78,330.13,28.01,61.61,0.11,53.77,102.87
276.65,119.78,167.48,72.1,1.89,44.44,201.99
261.62,37.33,142.6,38.54,0.78,128.43,168.32
158.06,32.08,117.58,68.61,3.48,62.15,155.65
179.43,56.95,178.5,71.87,2.45,107.9,170.02
122.71,236.5,141.56,93.66,1.58,26.42,154.63
21.15,372.22,44.33,8.36,2.39,114.6,143.47
103.88,203.73,88.8,20.84,1.13,84.6,127.3
241.84,338.75,101.34,8.72,4.63,43.95,256.64
6.37,183.9,15.77,87.06,0.36,76.7,67.37
103.38,286.35,191.15,79.67,4.34,106.06,216.28
122.46,295.43,30.07,58.31,2.61,6.72,158.51
163.53,77.85,141.0,10.2,3.13,97.43,164.76
276.36,150.87,103.72,28.78,1.58,83.53,195.42
107.17,258.55,10.0,31.18,4.84,36.94,177.29
107.35,37.57,185.33,56.95,1.48,114.18,123.29
222.56,151.0,171.11,27.29,2.99,49.0,199.75
138.4,218.57,107.23,9.15,4.97,45.14,197.36
71.26,398.53,49.64,73.61,4.42,73.33,200.28
138.47,195.07,28.72,31.31,2.73,103.04,158.22
46.55,328.26,75.86,46.33,4.95,139.68,195.53
57.03,178.51,54.81,14.51,3.54,25.5,125.06
152.02,320.59,103.8,80.65,1.12,62.49,174.77
128.58,242.21,193.45,57.42,2.09,14.71,168.15
274.88,355.77,117.12,90.36,1.74,114.99,251.04
111.91,170.27,178.54,50.56,1.79,69.92,147.93
176.27,245.68,131.92,94.26,3.83,107.5,222.38
191.52,255.71,97.67,89.4,2.96,51.72,203.54
8.86,172.78,171.65,58.49,0.29,127.43,93.11
200.74,66.28,96.92,93.52,4.4,82.55,195.82
57.52,46.49,174.38,33.66,1.55,141.82,106.42
288.52,16.5,61.86,37.83,4.99,16.43,209.02
48.86,350.68,30.12,6.46,4.78,79.57,178.41
127.31,102.23,171.79,59.74,4.71,116.14,191.16
30.18,92.49,119.55,72.75,4.07,92.02,130.7
299.08,297.05,178.37,77.8,1.18,8.36,232.55
153.15,134.81,187.88,16.68,2.71,145.99,180.62
180.64,207.36,15.46,45.53,1.2,48.25,145.82
24.79,73.38,102.69,19.33,1.37,41.15,68.69
226.24,384.3,78.12,66.89,3.09,75.42,243.48
66.92,342.12,127.04,17.48,0.3,83.61,133.04
269.93,346.88,159.75,90.61,4.85,116.11,300.54
65.52,168.64,59.72,24.6,4.6,62.02,149.68
61.25,307.32,113.58,30.56,1.97,68.79,145.86
15.78,66.11,143.2,85.39,2.63,82.57,101.32
144.26,13.36,31.21,46.93,2.38,62.19,114.84
171.63,17.79,163.74,4.35,4.42,137.61,184.19
24.38,238.77,123.19,50.47,3.47,128.43,152.41
233.78,187.6,190.16,10.29,1.46,70.97,193.17
138.72,212.03,71.21,98.56,2.29,5.03,153.53
159.7,12.91,26.09,59.63,2.2,135.64,129.71
135.03,174.85,103.77,27.14,4.8,23.03,182.72
123.23,290.05,21.73,57.24,0.96,40.45,136.74
170.09,182.65,194.06,9.53,0.54,27.09,146.78
50.8,295.57,12.54,80.39,4.42,31.07,160.24
58.67,100.88,151.93,92.68,4.49,121.42,161.32
259.23,327.13,107.39,87.7,4.37,89.03,272.92
284.1,239.49,76.88,35.49,2.6,143.63,237.22
115.13,92.2,17.84,33.93,3.33,38.56,126.33
84.87,102.32,126.32,5.44,2.86,75.42,128.12
194.98,254.93,119.12,65.84,0.44,146.73,182.04
125.58,333.68,59.77,54.42,3.02,124.83,195.39
12.49,172.09,182.49,47.02,0.17,110.65,90.59
51.07,110.74,64.3,90.95,1.69,32.4,91.56
216.21,348.13,92.7,18.45,4.67,116.56,259.37
199.38,271.01,111.03,2.95,1.59,55.4,183.06
12.99,184.75,24.55,9.19,4.71,81.93,129.61
70.48,200.28,186.77,23.89,1.33,93.33,132.54
73.17,89.66,78.03,5.26,1.64,93.36,98.05
203.21,254.45,20.75,51.28,3.18,110.35,204.65
10.81,149.91,80.52,32.78,3.83,100.95,122.29
35.71,398.3,122.04,19.69,2.56,14.91,154.81
240.98,197.27,105.16,75.51,4.42,71.32,236.2
57.67,199.5,140.44,22.04,0.3,101.28,105.89
197.56,230.68,15.82,69.39,4.62,47.92,210.94
75.26,367.53,60.49,36.23,1.06,50.39,139.8
34.34,322.32,164.75,52.16,4.43,23.06,178.08
76.74,185.94,20.58,93.52,2.06,65.7,121.14
218.07,290.29,171.82,5.66,4.18,148.09,256.55
257.43,238.63,22.92,51.03,3.39,46.37,217.06
249.91,202.02,167.72,85.73,0.96,82.06,200.84
122.17,85.0,75.35,59.62,4.6,112.77,169.03
202.09,190.94,124.38,29.13,1.3,6.96,161.18
65.47,105.87,34.81,40.97,1.3,135.56,96.46
91.48,366.79,17.9,68.67,4.09,61.05,190.0
269.42,140.81,47.11,89.3,0.62,131.02,180.86
8.84,381.38,29.93,6.02,1.19,10.65,104.32
30.23,217.89,65.92,9.01,2.57,26.12,108.9
66.33,256.3,105.3,33.86,4.17,51.77,167.28
12.83,221.75,119.81,24.81,0.82,55.09,90.54
58.52,60.46,159.02,27.96,2.78,127.93,123.09
177.0,156.57,132.97,23.68,3.59,6.62,179.2
129.32,48.67,123.71,21.19,4.32,97.96,161.58
268.34,252.95,85.3,14.8,4.68,24.04,246.07
246.15,184.28,97.39,93.53,3.94,124.37,237.1
105.84,313.41,85.83,16.13,3.3,117.89,186.67
81.53,95.98,169.22,22.03,2.22,77.49,124.39
117.01,74.18,49.85,26.13,0.65,35.84,86.85
179.14,168.47,6.12,93.44,3.58,97.0,183.83
84.08,371.37,132.01,76.06,4.96,27.66,213.93
189.12,287.06,44.48,79.39,3.71,32.55,208.21
125.78,173.38,178.57,12.27,0.18,95.87,130.11
167.85,211.74,172.51,83.96,2.53,148.73,204.05
133.66,42.84,19.96,42.0,3.11,134.2,136.03
91.87,393.98,25.75,27.76,3.48,91.0,188.02
284.79,269.9,101.56,58.42,3.63,83.09,255.84
230.26,121.31,123.8,82.57,2.83,149.77,208.18
46.33,238.47,58.61,78.31,1.19,84.37,113.42
261.2,52.7,144.78,89.22,4.72,65.92,226.3
148.79,386.68,121.01,92.96,3.51,136.89,237.54
268.89,78.17,68.34,25.34,1.26,38.96,160.73
240.96,262.73,9.95,43.54,1.68,19.14,182.84
130.44,105.73,151.28,3.43,4.62,96.94,180.16
11.63,289.85,46.88,88.17,4.45,18.9,148.03
84.26,312.96,167.72,17.15,2.09,59.11,163.31
164.78,272.63,86.96,86.42,0.29,66.42,156.4
191.88,249.65,117.53,34.28,0.34,84.39,165.46
81.08,358.06,175.23,38.08,1.49,148.79,178.82
46.11,40.66,173.41,5.83,3.18,37.04,106.47
251.3,139.06,77.45,34.03,2.96,59.48,196.71
295.4,106.83,45.73,89.06,3.21,24.17,207.0
160.08,395.33,156.15,4.5,3.61,93.1,235.16
55.65,161.86,89.45,41.82,0.19,110.51,91.71
85.33,295.72,42.45,5.08,0.61,74.9,120.61
10.43,277.04,181.36,38.35,1.86,40.65,124.64
274.72,92.71,43.63,18.92,0.86,95.03,164.0
39.74,103.21,10.03,26.72,0.47,83.18,60.23
175.07,119.7,8.95,88.0,3.24,29.82,157.2
85.85,170.34,126.35,44.73,4.1,63.82,162.83
168.48,101.39,134.03,28.83,3.79,68.1,177.69
197.17,17.66,65.65,59.76,4.1,147.48,181.9
249.77,352.96,67.4,15.93,3.36,128.15,251.87
65.89,386.59,71.2,27.42,3.7,111.48,189.37
8.24,143.21,137.63,55.53,1.43,133.87,99.69
45.38,142.02,16.34,25.28,4.97,111.65,142.77
270.51,12.77,186.18,68.55,1.0,135.99,180.9
262.8,275.3,48.39,50.17,1.15,12.91,191.66
181.24,331.92,199.94,77.65,1.52,71.13,210.04
182.15,67.18,38.45,94.93,4.88,113.3,191.74
201.19,72.27,155.45,13.35,4.94,89.58,207.16
56.73,318.13,48.57,34.8,3.99,30.4,161.57
274.75,250.35,20.77,33.32,3.18,54.37,222.31
128.54,27.5,175.61,16.82,2.65,51.08,132.32
118.03,252.79,172.46,81.41,4.86,42.9,211.05
158.08,130.48,83.7,76.47,3.51,54.75,170.37
18.85,153.8,141.97,49.47,4.73,79.65,147.43
54.05,310.2,113.63,54.7,1.65,128.96,150.28
222.72,326.26,171.33,7.84,1.74,112.59,223.75
29.43,166.14,66.44,56.44,4.29,126.11,143.85
182.93,379.39,107.12,79.55,0.83,133.12,205.56
77.38,168.52,99.65,58.24,4.74,65.34,166.25
119.84,311.02,74.01,28.0,2.59,55.17,171.12
90.16,198.71,178.83,67.42,4.64,13.36,180.97
109.92,360.04,37.35,37.43,1.75,139.92,172.56
217.12,364.03,34.15,55.4,3.61,14.54,226.62
92.65,44.09,117.5,49.78,2.47,112.46,122.34
172.09,375.23,133.21,39.36,3.17,59.83,224.34
145.43,331.96,42.95,72.45,2.57,142.57,198.21
200.78,318.61,81.19,88.62,4.84,65.84,247.54
281.36,88.36,189.58,2.51,3.49,123.41,229.79
221.11,324.0,53.09,93.49,1.33,45.98,197.43
68.41,341.55,135.33,52.13,4.56,48.37,196.8
14.2,122.77,149.33,70.67,1.54,91.35,96.51
82.37,381.38,92.39,85.85,1.92,149.71,182.94
180.55,29.45,187.82,47.78,0.6,80.05,132.07
20.17,68.46,148.65,83.83,4.51,140.76,141.2
151.43,219.66,94.3,19.41,1.5,119.01,160.97
181.07,234.56,116.02,17.6,1.37,120.4,177.09
103.6,261.61,140.06,66.43,4.61,68.21,200.79
232.42,16.62,120.48,87.27,4.05,61.05,192.95
36.45,384.54,176.35,89.46,0.79,32.83,143.68
27.17,27.39,74.59,65.09,3.87,144.77,113.8
219.82,65.79,63.48,53.5,4.57,144.11,206.18
151.17,15.47,46.7,34.48,0.48,113.32,98.28
208.08,231.07,12.37,98.04,4.14,47.96,210.45
133.27,373.58,13.39,33.33,2.78,40.55,181.19
77.69,269.72,174.66,74.93,3.38,148.35,191.65
246.64,330.84,137.29,54.13,2.51,14.65,230.75
240.83,15.18,133.8,61.63,3.52,127.32,197.49
209.94,221.39,124.86,40.56,0.27,56.54,163.52
85.28,189.23,170.6,96.55,3.84,65.74,174.62
179.12,204.6,98.65,58.02,0.26,125.64,155.96
111.49,38.16,174.73,93.9,2.33,18.14,125.51
32.02,276.93,75.09,2.74,0.84,56.35,100.78
275.61,206.26,185.71,58.12,4.14,143.04,268.65
45.36,308.41,141.24,72.28,1.64,106.36,148.75
285.32,199.26,55.15,75.02,2.33,114.47,221.8
136.57,68.26,115.0,90.69,2.2,114.84,144.84
59.61,262.82,108.94,2.43,3.89,13.78,153.34
164.86,77.23,31.89,2.03,2.46,34.47,128.41
262.52,350.23,120.29,48.28,3.97,76.23,268.85
221.01,249.12,66.38,4.87,0.46,58.38,164.33
242.94,71.31,15.21,97.5,1.04,64.58,148.74
199.34,385.31,189.99,23.76,2.8,118.31,247.46
209.22,212.16,130.09,48.32,4.74,7.13,222.65
255.51,38.43,176.0,7.99,0.47,100.77,159.2
78.65,254.46,136.83,53.16,0.31,5.02,113.61
149.38,108.75,74.61,39.24,0.87,14.14,111.75
70.26,323.44,104.97,6.38,3.24,64.2,167.43
296.36,328.95,136.77,34.84,2.06,126.94,258.2
283.5,391.79,192.25,40.36,4.15,26.02,290.71
16.63,205.73,54.47,99.01,0.45,85.42,85.47
213.14,187.43,175.62,22.37,1.06,103.38,182.77
277.95,303.86,185.2,55.39,1.57,38.28,234.56
58.27,61.66,135.73,98.76,3.17,79.29,125.33
172.54,223.3,186.6,79.62,3.46,137.15,222.06
275.07,223.04,82.59,99.35,0.71,79.27,199.48
15.01,44.89,190.84,96.89,4.72,27.81,128.34
210.74,173.01,142.04,49.97,1.77,96.03,186.17
92.72,342.78,13.19,70.24,3.59,90.87,182.19
277.7,343.9,181.84,12.82,2.67,8.91,249.78
291.46,48.7,99.47,45.23,1.19,18.14,166.36
283.56,45.38,94.76,81.28,4.25,27.73,212.7
144.89,112.45,115.46,51.52,4.11,24.76,168.27
259.3,351.16,34.13,70.86,2.04,42.62,223.16
254.14,60.27,96.49,75.08,2.98,70.85,191.08
99.13,290.8,167.07,26.84,1.36,58.9,154.84
249.53,49.45,8.02,87.82,3.48,134.14,192.01
15.92,253.02,58.22,47.06,1.61,93.76,108.69
180.9,148.87,5.48,22.6,4.24,132.04,188.56
72.85,317.68,86.06,86.81,1.17,81.42,143.96
40.57,101.14,147.02,42.95,0.17,18.03,68.1
27.7,259.29,160.76,75.53,1.42,72.18,126.67
210.41,101.92,189.31,55.71,1.04,124.19,172.68
105.26,288.33,123.66,39.42,2.59,33.15,166.09
218.81,350.73,54.65,81.37,1.1,18.23,193.21
24.28,59.45,185.21,59.28,3.84,52.77,120.82
98.01,347.97,156.19,40.28,1.28,61.39,164.7
164.15,241.49,117.01,12.74,3.56,49.41,193.66
238.26,59.57,140.65,89.75,2.93,24.61,185.0
99.03,176.74,185.24,5.48,4.93,41.37,183.49
189.64,72.74,143.92,86.59,5.0,103.93,211.23
266.36,283.14,76.83,37.28,4.36,60.96,252.98
186.68,305.96,144.04,64.66,3.82,96.72,235.8
73.72,51.26,12.85,92.38,1.99,82.76,93.23
12.2,207.39,80.35,16.87,3.79,84.61,129.66
261.68,327.7,84.23,57.56,4.79,41.04,266.58
11.27,375.1,37.53,76.91,0.21,80.62,108.16
263.04,210.27,9.5,76.24,2.74,8.42,198.62
161.04,380.61,31.01,53.51,1.17,67.6,178.2
282.02,218.92,132.65,63.22,2.83,88.03,238.52
240.64,163.73,161.45,76.24,2.39,31.39,201.34
299.39,340.8,197.7,84.42,2.92,42.2,276.16
108.46,202.26,72.54,76.66,2.8,36.83,149.9
231.32,194.04,121.88,36.69,4.8,15.23,227.64
123.57,201.22,187.74,99.68,2.81,55.44,178.2
146.56,340.25,37.57,44.58,4.25,146.95,222.51
190.11,334.46,144.94,4.4,1.67,56.31,198.57
262.73,167.37,152.22,37.54,2.25,71.78,209.62
295.3,139.99,22.35,14.52,2.41,99.7,201.95
231.64,201.85,172.94,13.9,1.47,99.03,197.2
128.24,233.38,163.56,29.59,1.96,142.73,176.29
129.3,102.95,11.51,7.23,3.03,129.35,139.65
222.59,319.64,22.76,69.47,2.94,120.12,225.49
75.44,199.73,14.58,9.25,3.22,142.99,142.96
37.59,140.28,70.27,21.92,1.82,38.46,88.95
109.61,51.66,104.31,11.1,1.65,94.47,109.82
89.74,103.15,108.81,8.19,3.1,133.64,140.16
92.41,380.22,57.2,28.24,0.75,95.5,150.0
73.91,128.99,182.76,58.05,1.34,146.73,130.69
17.42,75.86,76.81,96.54,0.31,19.55,50.84
10.27,189.66,13.88,87.8,0.46,68.7,70.05
296.38,129.76,63.54,87.84,1.29,146.72,204.22
131.19,23.71,108.57,19.25,0.2,60.04,87.37
118.38,136.03,84.6,27.96,1.3,112.24,126.42
205.5,222.2,58.4,9.49,3.31,9.41,187.4
69.38,225.17,30.61,78.29,0.4,105.75,107.06
285.24,149.06,164.74,8.84,2.24,140.52,224.18
236.97,184.45,199.25,56.56,4.57,60.49,244.91
31.38,386.55,69.26,26.29,3.98,8.09,163.75
128.19,157.17,79.42,25.86,1.6,9.05,122.51
264.34,110.71,125.52,99.09,4.63,134.34,246.24
283.7,104.95,145.1,76.16,1.72,109.76,206.04
142.88,188.53,81.45,84.02,0.46,20.47,125.38
185.96,306.21,181.46,58.05,4.97,12.92,245.15
54.28,90.34,114.2,87.36,4.36,121.7,149.34
297.39,286.63,92.83,65.26,2.38,122.43,250.84
73.34,18.25,131.1,94.73,3.37,22.48,115.97
283.11,173.38,190.8,29.57,3.39,48.72,237.64
196.65,312.59,159.94,60.34,1.05,118.1,204.71
184.28,142.11,12.8,69.63,1.08,81.18,139.4
156.24,229.86,69.8,40.51,2.4,143.7,180.56
73.05,89.94,96.76,88.21,4.57,74.75,150.26
57.08,299.38,66.33,98.02,0.15,103.16,120.17
70.04,30.39,141.54,50.39,3.93,78.92,131.22
60.0,342.49,166.12,40.28,0.38,141.73,148.43
234.98,87.3,147.61,48.25,2.44,62.81,184.49
108.29,351.02,197.92,85.57,3.23,38.32,205.89
22.06,147.49,58.15,65.26,3.47,52.36,113.4
290.89,291.85,175.62,6.39,0.39,128.65,226.8
265.72,134.5,154.49,55.13,2.15,77.2,205.72
278.69,363.31,75.62,3.7,2.96,56.37,248.72
298.5,59.39,148.15,78.3,0.42,83.92,180.27
56.3,79.62,25.29,34.17,0.76,24.32,60.73
121.89,202.28,158.92,48.26,3.35,5.78,169.02
228.68,41.96,108.8,80.27,2.66,45.68,170.9
210.33,86.43,62.0,6.55,0.89,92.73,138.67
50.4,378.07,132.88,17.54,2.72,108.19,174.53
245.67,390.83,130.12,41.0,4.57,124.86,287.36
71.21,156.74,45.85,24.53,0.18,139.37,92.71
71.03,370.08,10.93,35.11,3.25,64.76,166.02
163.41,222.48,89.56,99.82,0.46,112.37,157.04
179.92,115.2,116.05,82.89,0.13,15.83,125.05
176.13,283.94,175.94,88.62,0.84,13.34,177.06
31.99,266.97,186.0,93.83,2.17,23.1,139.52
263.85,395.76,108.12,35.41,4.03,70.04,275.43
83.35,113.37,151.99,31.11,1.48,35.64,109.48
43.21,272.1,90.66,24.94,3.17,46.6,142.27
267.18,30.29,150.49,83.35,2.11,98.94,190.4
286.92,54.32,44.94,68.6,1.25,56.99,166.5
259.33,11.53,77.36,25.14,2.62,85.82,172.32
243.81,399.79,128.67,38.95,4.01,64.8,270.51
198.3,322.89,8.54,51.66,4.18,29.5,217.46
167.5,316.82,145.88,53.76,4.25,15.73,223.7
30.66,208.79,167.93,89.1,1.76,39.25,120.39
125.49,127.03,82.83,39.3,3.99,13.37,153.78
114.94,68.99,92.35,91.04,1.14,94.7,114.03
81.63,121.02,171.0,45.25,3.72,120.38,160.86
218.41,156.63,156.25,75.14,4.75,54.26,228.99
151.28,304.96,61.19,93.16,0.17,61.13,151.68
28.91,220.47,68.18,90.94,2.26,123.35,127.35
69.95,40.22,137.38,7.58,3.27,37.28,112.09
206.56,17.03,114.82,22.16,3.54,22.28,161.89
27.46,49.91,36.63,48.74,0.96,77.66,57.43
256.11,170.09,65.44,44.29,4.86,98.7,238.47
151.07,373.95,180.5,64.81,3.11,91.95,229.29
146.77,258.59,139.19,94.58,0.91,108.51,170.62
179.76,322.71,197.26,13.02,0.2,13.23,172.33
248.28,191.89,154.57,46.28,3.94,67.09,234.64
107.6,151.05,188.69,20.86,0.49,39.59,116.94
205.01,52.28,47.16,89.62,0.79,115.07,137.63
171.89,351.61,155.44,96.53,2.92,131.55,235.53
83.77,315.43,8.94,48.91,3.06,45.79,155.56
264.2,75.57,135.8,12.19,3.47,18.81,197.19
240.24,209.78,96.51,78.96,2.03,41.75,197.11
199.24,200.08,72.62,70.32,3.89,20.08,199.03
255.92,253.79,173.17,36.76,4.87,51.75,263.65
260.85,379.01,171.58,88.97,1.43,83.04,248.66
213.97,236.11,9.35,97.63,3.54,146.18,219.07
251.92,220.68,123.85,56.67,4.65,62.91,248.33
210.75,29.63,76.73,57.44,3.46,36.91,164.96
205.64,34.53,86.05,31.16,3.44,29.19,161.13
187.49,83.07,167.25,59.28,1.2,30.09,145.09
227.05,22.66,65.42,45.08,2.72,32.93,155.45
51.79,299.91,188.89,31.61,2.86,115.53,172.37
264.86,292.1,40.03,8.58,3.53,13.85,226.26
262.19,63.06,134.23,26.77,4.98,149.62,237.51
13.63,336.07,136.06,21.39,0.26,80.79,111.3
248.62,70.37,54.18,55.12,0.42,83.92,146.04
43.02,127.46,68.33,60.96,0.48,56.85,74.8
103.86,107.1,167.79,61.64,3.74,105.09,166.17
224.33,155.2,153.55,40.04,0.77,73.36,170.34
52.42,109.32,69.17,43.28,3.15,52.71,112.69
246.3,200.69,109.12,83.76,1.69,43.45,195.28
250.48,168.89,17.03,48.67,2.34,139.22,197.39
154.7,394.76,45.71,98.8,1.16,47.19,182.0
6.88,31.81,99.74,45.08,4.34,68.28,103.98
89.68,65.45,21.76,65.66,2.97,55.8,111.74
186.99,30.6,169.45,6.94,4.73,17.5,180.58
294.45,254.08,145.01,66.03,2.92,31.96,245.48
191.38,31.26,189.01,85.44,0.71,32.48,135.18
81.64,336.21,140.23,94.36,0.94,105.58,160.26
192.03,209.66,188.38,99.74,4.95,63.95,240.76
164.3,215.53,113.13,29.65,3.66,118.39,201.35
235.05,229.02,122.04,58.39,0.34,107.8,185.26
36.56,76.62,195.51,46.17,3.55,32.85,122.05
229.5,87.1,130.22,57.25,2.12,86.62,179.27
164.67,134.34,11.0,17.43,1.61,112.72,137.12
289.08,241.46,146.14,85.9,0.85,96.79,221.78
105.85,91.95,181.57,91.14,4.22,92.0,174.11
191.62,55.37,160.14,46.07,0.41,112.24,139.38
279.95,388.35,118.85,29.48,1.52,13.23,235.21
35.24,18.57,135.9,15.8,1.6,111.06,80.45
281.48,323.05,198.09,69.01,0.89,44.54,233.82
207.93,317.33,22.68,32.6,2.59,87.92,205.34
25.01,125.91,135.11,91.13,0.16,40.13,72.95
93.78,62.89,60.26,67.76,1.57,126.63,108.52
213.91,66.8,129.82,65.28,4.67,74.68,206.25
24.87,282.0,123.49,56.82,1.62,98.23,129.61
176.74,260.69,34.92,6.49,1.87,120.14,174.74
107.04,315.27,45.32,93.33,2.42,134.82,178.5
188.17,375.62,126.22,63.54,2.85,111.15,235.13
18.49,279.85,30.0,99.42,4.06,26.57,142.74
262.1,70.78,56.71,54.66,1.03,128.91,167.8
292.18,104.94,167.87,71.59,4.37,94.69,249.98
290.82,338.46,68.78,7.51,3.81,93.37,266.27
226.15,91.63,100.17,63.91,3.64,138.59,205.61
43.38,38.28,188.52,76.94,0.53,41.08,75.02
228.69,284.28,49.29,78.29,0.21,39.74,172.61
12.25,166.99,80.98,77.47,3.01,79.41,115.26
11.53,368.82,123.26,24.18,4.33,113.88,181.3
100.47,263.6,152.29,97.59,2.96,69.85,180.44
149.15,45.26,180.82,99.53,1.14,96.91,137.5
232.27,379.66,183.52,9.41,0.54,70.62,216.05
206.57,110.84,156.44,93.77,3.53,93.51,204.59
136.54,141.51,49.52,30.37,3.64,124.23,166.57
85.72,166.88,9.84,69.55,0.95,31.17,94.95
299.15,29.98,79.84,35.13,0.24,105.83,160.59
130.72,203.64,32.6,96.84,2.1,119.18,156.98
138.16,58.09,143.53,11.95,2.96,69.83,144.41
53.27,166.38,133.92,50.78,3.56,51.87,140.92
239.47,146.78,13.57,43.95,4.07,6.96,193.65
209.64,311.41,168.14,33.95,3.09,120.58,239.21
70.13,323.24,53.5,65.26,0.64,52.55,124.78
29.3,69.83,89.28,14.84,3.44,56.81,100.76
205.75,152.95,135.25,72.23,4.92,53.72,222.3
198.08,155.61,88.74,98.1,4.54,77.32,213.13
85.61,69.05,91.05,80.85,4.37,106.86,151.39
285.5,321.4,17.8,86.28,1.58,116.92,231.03
49.56,285.82,83.28,37.24,3.78,61.92,159.18
132.54,84.25,154.15,33.84,4.27,101.15,175.6
283.37,153.02,183.46,52.67,3.42,109.5,244.52
128.82,51.26,85.63,6.48,1.33,48.05,102.4
193.37,255.0,87.6,94.65,4.77,19.01,225.41
122.29,57.34,142.01,16.09,2.31,134.73,138.14
85.89,394.51,188.84,90.5,0.74,103.18,177.15
295.27,314.47,57.08,10.19,0.64,98.98,215.0
125.75,162.19,90.83,82.62,3.27,13.54,155.75
268.76,235.64,160.21,16.89,2.24,123.59,232.56
72.84,365.42,123.89,5.74,0.56,87.08,142.88
67.87,226.1,26.56,72.51,3.73,127.94,158.71
14.18,78.05,127.41,29.47,4.02,146.31,125.54
197.24,157.69,41.42,72.02,3.65,143.78,200.23
113.72,338.83,104.49,56.4,1.09,129.13,170.3
259.99,261.24,108.18,12.66,3.48,6.59,226.92
144.6,263.78,175.86,93.35,0.15,133.43,168.61
290.62,348.06,95.19,46.33,1.6,15.88,231.08
59.73,358.65,59.49,73.98,2.05,128.42,162.02
261.24,368.72,50.04,51.1,4.19,45.63,260.59
234.1,46.99,175.48,61.23,2.01,93.46,179.69
232.42,222.21,38.35,31.67,0.16,10.52,150.24
254.21,298.8,88.04,21.64,1.83,116.82,221.74
229.5,305.2,41.5,55.17,2.54,21.2,205.93
189.73,246.62,155.79,45.14,4.75,64.55,234.04
43.72,75.05,97.5,40.23,4.71,123.53,140.34
14.6,320.99,73.47,67.91,0.99,105.83,118.52
276.65,290.84,75.41,69.67,1.01,5.88,203.1
186.91,43.59,171.18,6.5,0.9,63.44,132.84
239.98,190.89,112.99,35.2,3.97,11.08,215.78
147.05,77.85,144.98,42.35,0.13,102.66,117.71
39.61,141.62,179.92,11.5,0.72,145.5,104.98
41.93,17.05,180.84,25.12,2.74,100.01,105.86
207.24,166.13,69.06,7.06,1.31,37.53,152.51
131.94,224.45,190.73,99.63,0.55,56.51,153.0
64.15,251.64,9.85,74.18,1.86,146.61,134.83
150.02,268.76,78.48,10.57,1.44,37.49,153.87
23.94,336.15,179.68,3.98,2.6,86.42,156.19
176.68,94.03,58.55,72.49,4.9,63.07,188.44
84.35,56.99,58.25,45.04,0.71,116.41,86.48
240.28,342.1,64.01,79.11,1.93,130.77,230.56
96.56,71.08,124.4,92.5,4.67,54.42,158.91
139.29,390.16,90.47,60.73,4.4,100.76,234.46
8.43,338.59,146.71,20.34,2.03,84.61,138.3
26.37,205.34,179.51,78.66,3.52,45.37,146.09
120.79,392.75,136.47,95.67,0.53,44.43,171.52
146.58,47.98,44.87,58.86,3.59,83.1,147.18
182.01,128.2,186.87,68.84,4.87,27.33,210.46
91.04,258.91,56.58,35.07,2.73,122.57,159.58
210.02,146.5,34.23,39.39,2.54,15.01,162.77
258.74,372.07,22.54,74.0,1.02,18.71,206.76
235.06,35.59,114.86,92.92,3.21,54.62,183.94
16.69,224.27,27.18,63.64,2.99,22.12,110.19
146.75,240.44,32.06,79.41,3.29,73.98,180.05
35.95,264.56,63.51,18.82,0.23,62.95,91.56
76.4,109.71,59.92,22.77,2.79,109.66,122.05
296.07,152.18,122.83,54.14,3.02,143.19,239.41
47.04,339.04,164.27,19.3,1.12,114.27,147.08
152.17,86.03,153.46,64.23,1.12,31.02,128.98
187.36,332.48,56.18,30.58,1.45,140.65,195.82
212.23,229.44,52.84,79.57,3.59,61.86,209.75
170.1,307.25,193.33,81.19,3.07,73.76,223.73
7.88,288.31,6.61,47.45,4.24,66.13,140.13
101.31,90.93,176.55,19.72,1.55,45.68,117.24
157.72,231.84,43.95,65.38,4.57,134.78,211.34
30.92,348.41,189.72,99.29,3.74,53.17,184.58
108.43,178.53,71.75,63.01,2.04,88.9,140.01
14.79,386.97,90.87,5.51,0.57,39.8,111.97
28.18,186.36,142.89,3.69,1.36,120.62,108.83
122.09,65.69,119.6,33.4,4.79,117.26,172.66
44.15,161.88,67.0,21.19,1.62,47.97,93.71
172.42,381.16,113.0,81.68,1.72,103.83,211.64
208.39,134.69,147.49,84.79,1.03,107.06,172.39
241.17,348.56,13.26,27.34,4.05,86.56,244.69
64.04,353.69,7.18,33.91,1.45,92.09,136.4
54.41,146.57,94.32,25.15,1.72,88.3,106.76
35.85,42.47,30.71,91.02,2.13,16.87,71.03
192.75,292.58,134.55,51.26,2.23,102.19,209.63
213.41,131.49,46.74,66.3,2.12,73.12,168.0
14.32,315.34,89.41,42.72,2.57,68.58,135.29
281.18,182.64,43.55,63.84,4.09,129.7,242.74
20.33,199.25,111.95,39.81,4.11,8.37,131.73
164.68,313.38,27.63,35.29,4.01,41.44,202.62
214.17,159.12,9.51,64.18,0.6,22.6,137.66
261.94,182.82,14.97,59.92,4.02,10.12,211.37
215.66,156.71,191.08,30.77,0.69,44.97,166.43
241.51,153.26,32.75,16.64,0.71,148.33,166.75
105.14,215.12,143.15,38.12,4.74,44.18,188.16
245.37,325.43,18.25,42.69,4.12,101.24,247.15
28.63,151.09,26.09,63.61,2.81,22.15,97.37
268.97,214.46,104.23,91.62,4.39,92.27,254.93
166.54,271.58,95.65,5.55,4.95,147.75,232.22
246.1,115.08,190.56,25.88,3.09,47.32,206.11
138.43,118.23,189.24,20.98,3.1,127.97,175.25
194.86,374.03,157.02,51.22,3.8,149.65,260.82
160.29,292.18,122.41,44.11,1.24,90.34,177.44
220.82,235.1,93.72,73.45,0.92,49.86,178.01
29.08,262.61,74.45,25.76,3.82,102.66,150.63
22.8,21.43,189.68,60.26,1.79,127.5,93.86
77.9,251.06,122.57,88.62,0.76,29.85,124.52
52.07,208.71,117.92,91.25,1.64,70.61,124.62
262.18,222.84,50.22,95.96,1.86,51.28,202.12
69.67,150.18,14.11,77.78,4.83,46.09,147.15
292.88,41.77,189.31,90.79,3.52,129.82,235.26
104.38,85.4,66.18,24.98,2.7,66.14,121.7
58.72,380.79,91.3,21.36,4.85,54.17,196.32
237.96,169.39,27.35,2.64,4.53,92.51,215.19
199.32,192.01,168.2,71.27,2.61,36.81,195.14
151.97,30.56,10.39,93.87,4.54,38.33,151.66
168.83,24.65,167.63,20.32,2.08,80.44,142.92
217.16,289.7,32.36,64.42,1.23,64.34,184.19
72.39,219.86,177.88,75.15,1.24,47.77,132.89
298.92,208.4,147.31,92.91,3.35,12.82,244.74
292.56,104.82,37.11,65.39,2.56,80.51,200.5
196.85,300.45,115.33,97.09,3.33,123.41,234.28
63.87,75.61,65.97,35.78,3.46,128.45,125.34
205.67,84.07,39.76,36.29,0.21,39.14,117.69
26.3,189.68,172.54,55.22,0.36,91.95,99.12
14.04,121.65,83.69,39.58,2.71,129.1,106.48
81.02,106.51,82.72,2.14,1.04,64.27,91.51
141.47,261.64,38.13,73.71,3.2,140.16,191.02
261.14,263.88,79.7,75.67,2.81,135.93,239.23
219.51,331.56,174.97,75.2,2.97,35.18,237.71
224.1,172.91,75.81,35.81,1.58,42.55,169.29
130.52,38.5,190.56,53.18,3.24,31.16,147.01
107.05,116.73,189.53,37.28,4.16,33.43,165.81
114.46,392.2,33.26,3.57,4.99,136.64,224.92
296.36,242.54,39.58,57.12,4.21,140.01,262.83
16.83,286.8,173.22,14.13,2.83,12.53,135.84
260.77,12.87,81.59,9.84,1.05,91.07,149.48
175.71,212.1,5.85,76.04,3.44,86.81,185.79
134.39,24.64,58.41,2.93,4.69,61.63,147.4
218.95,232.0,121.54,95.98,1.14,96.6,193.37
148.57,369.1,160.86,52.5,1.35,142.37,204.3
262.66,387.68,31.01,98.34,0.83,29.69,213.99
270.71,220.82,26.56,7.68,3.71,22.46,216.22
129.41,188.7,184.81,59.19,2.09,9.84,156.0
86.66,378.56,151.47,36.23,0.41,57.76,151.49
179.74,272.71,120.01,84.66,4.39,53.96,226.81
274.15,35.31,154.99,37.4,2.83,67.47,196.32
67.15,191.63,88.63,27.53,1.72,77.98,118.76
188.78,103.7,152.9,86.04,1.79,114.88,171.8
191.31,193.22,77.5,38.72,1.52,61.86,162.78
221.27,187.63,52.6,3.65,2.33,52.94,177.21
43.81,237.04,147.16,40.25,1.75,124.9,136.04
216.17,149.14,86.84,66.14,2.78,128.22,196.94
273.16,74.07,196.37,26.93,3.89,38.75,220.39
58.01,206.45,73.15,44.33,3.4,50.63,138.57
75.08,333.78,184.74,7.56,1.54,124.64,167.09
291.56,268.96,186.93,59.63,2.69,16.51,247.26
58.39,141.96,52.16,76.12,4.22,52.25,138.27
257.04,374.85,160.65,42.5,0.43,70.01,223.15
150.22,365.76,89.45,43.18,0.48,32.13,163.05
77.93,91.65,183.92,10.65,2.83,31.09,125.2
261.87,25.37,92.77,21.79,3.23,66.6,184.38
136.37,299.11,150.14,17.16,1.14,114.41,172.8
156.87,332.77,96.06,49.21,3.75,126.83,223.93
110.97,387.47,49.42,53.87,3.27,146.99,205.73
179.92,357.04,43.87,95.0,4.62,15.73,231.18
53.24,244.21,87.96,9.18,0.93,36.42,103.63
120.37,216.72,152.32,60.79,3.78,114.71,194.35
290.98,20.86,122.99,53.6,0.51,83.39,164.53
81.15,106.2,139.28,52.59,2.87,52.51,130.78
198.74,189.25,60.05,87.57,2.8,34.81,182.4
100.93,255.12,98.88,22.14,2.0,45.67,145.34
233.17,227.33,13.66,6.0,4.24,67.25,215.05
43.61,299.63,164.42,67.88,0.12,30.69,115.24
291.1,119.11,198.03,35.83,2.65,144.81,235.0
138.87,230.33,84.34,3.72,1.16,20.6,135.19
74.63,44.38,7.14,26.63,3.74,147.91,120.8
26.68,171.33,38.11,32.31,0.31,127.07,77.61
55.08,302.56,132.24,62.45,4.17,66.36,181.2
158.33,280.43,124.36,18.91,4.21,112.27,219.9
104.42,396.35,158.63,42.48,4.18,102.37,227.15
249.52,118.38,54.51,49.28,0.85,35.93,154.69
132.11,204.29,153.91,47.01,3.19,54.17,177.45
78.37,138.52,139.16,97.45,0.17,79.4,104.14
187.06,181.84,67.95,6.46,4.26,97.49,200.48
213.5,344.21,111.37,95.19,3.64,83.72,247.66
54.28,276.84,33.72,59.03,2.7,73.58,139.62
54.45,354.15,93.25,79.98,3.68,69.26,180.18
15.82,89.37,176.83,44.18,0.56,77.25,75.16
222.24,350.61,87.13,46.48,2.69,67.98,227.29
200.82,33.31,168.72,88.17,1.53,83.49,156.55
145.02,356.55,120.1,89.8,4.87,133.76,249.36
254.03,138.34,42.42,25.39,4.3,96.76,217.19
242.67,132.69,118.32,21.53,3.69,109.78,215.37
177.68,209.71,103.67,50.63,4.68,91.64,217.5
261.14,376.87,82.74,90.23,1.8,98.24,242.99
65.72,28.63,28.33,33.59,4.51,88.86,120.67
38.02,147.37,86.26,65.9,1.69,8.9,90.95
84.58,344.06,19.19,71.4,3.69,149.94,190.51
21.84,164.46,24.26,78.31,3.71,9.87,110.21
161.7,87.67,86.1,57.26,0.19,62.3,113.05
281.3,175.67,64.55,41.44,1.87,20.24,192.55
16.61,160.37,185.48,96.77,0.2,19.05,82.0
41.02,367.01,78.26,61.91,4.99,120.06,200.54
138.4,307.15,152.78,73.4,0.7,66.76,167.54
280.49,207.0,108.4,35.81,2.76,121.17,233.01
98.27,395.46,142.3,67.66,3.97,44.55,212.8
154.63,191.46,55.72,27.26,1.09,42.19,133.85
17.26,32.71,188.67,26.02,2.48,41.43,87.72
48.76,112.29,108.37,72.04,3.08,94.34,125.72
296.06,180.07,167.11,53.1,0.89,123.17,216.56
289.71,71.19,76.18,68.96,3.91,70.58,217.76
6.46,379.55,24.54,28.4,1.57,59.99,117.51
285.78,309.07,136.37,60.67,1.13,146.17,241.59
193.54,114.63,6.51,45.51,2.84,21.93,151.69
261.04,240.41,97.68,60.5,2.11,75.56,216.19
139.15,291.37,42.6,30.51,4.61,64.23,202.15
157.1,377.1,127.34,72.11,4.41,19.23,233.64
149.21,353.84,195.99,80.98,2.47,43.89,211.56
201.72,210.92,95.56,27.47,1.86,9.12,169.23
46.2,312.11,164.41,31.46,1.7,132.16,153.96
13.84,229.24,104.02,66.79,1.41,93.14,108.8
95.84,225.55,101.69,70.17,2.77,123.18,165.72
212.88,54.75,186.43,71.0,4.04,80.63,203.93
64.55,59.19,178.54,68.9,1.62,91.93,109.46
203.66,216.52,158.23,40.5,1.03,106.62,184.02
291.12,114.86,62.77,40.7,2.43,136.66,209.85
32.7,18.2,111.28,26.97,0.44,18.3,45.43
203.42,291.91,48.66,17.37,3.54,52.99,209.78
135.91,22.67,91.56,69.87,2.64,107.81,135.39
261.1,242.16,99.42,11.13,2.53,143.96,228.48
57.26,220.29,167.17,93.9,1.57,147.22,147.09
209.32,387.84,179.73,83.02,4.53,97.52,279.18
252.24,198.84,85.85,86.04,0.54,33.07,175.26
283.66,34.8,8.45,90.85,4.36,22.29,199.55
206.56,225.16,173.05,42.04,1.95,142.18,208.33
151.67,338.03,38.98,84.98,4.42,67.92,219.03
187.26,398.77,126.27,17.49,3.67,33.25,235.4
261.33,177.83,9.87,4.12,0.61,140.41,172.21
173.33,134.92,82.9,78.92,4.17,20.16,182.28
13.96,363.59,197.26,9.33,3.44,110.79,177.09
279.63,84.58,24.64,98.88,0.26,95.66,160.58
208.41,250.02,87.62,68.13,0.76,17.72,167.31
204.57,168.23,64.89,75.84,3.21,54.12,189.13
68.62,26.02,181.49,26.09,3.35,26.74,116.7
199.37,145.44,174.52,68.04,3.76,92.65,212.1
121.19,113.44,51.35,6.24,3.63,74.18,145.06
197.11,277.58,20.83,84.11,3.33,5.62,196.71
36.44,380.03,127.29,18.62,3.85,146.48,191.33
199.06,114.54,70.59,70.34,2.92,55.69,172.28
299.83,326.47,136.06,24.0,1.38,42.44,235.07
19.22,31.59,11.26,8.71,4.57,37.25,90.72
293.27,219.87,31.01,49.19,0.19,28.03,177.89
125.04,37.51,138.84,18.59,1.9,149.87,131.13
261.87,374.27,46.41,73.49,3.67,47.79,256.15
235.8,308.88,172.23,25.28,2.19,63.8,226.93
172.27,266.6,16.43,35.56,0.22,131.35,151.28
222.84,331.32,47.02,57.61,0.42,98.07,189.28
264.16,262.53,199.72,29.93,3.28,58.46,249.07
124.22,387.89,89.45,39.04,4.83,135.26,237.29
101.47,288.44,142.08,81.93,2.8,113.71,186.9
201.94,370.62,40.62,19.56,2.58,38.05,207.4
243.31,211.68,123.92,10.06,1.66,98.34,198.9
229.87,55.66,146.59,34.18,1.36,138.75,169.67
240.36,215.99,66.32,43.59,0.2,76.99,168.24
133.5,59.48,166.63,55.18,1.44,111.37,134.08
246.26,241.07,122.67,38.5,2.3,145.81,225.35
40.46,198.17,80.88,79.41,1.07,105.11,107.71
165.62,252.8,113.74,5.85,0.53,19.85,145.36
6.7,13.92,117.47,44.31,3.62,40.46,87.84
100.75,85.99,37.28,39.46,4.48,91.29,147.98
113.11,201.62,83.53,65.46,4.69,44.96,181.74
121.87,380.7,71.97,96.7,3.13,143.84,213.85
210.16,159.61,83.18,52.02,0.36,63.78,148.61
119.62,175.51,153.42,98.71,3.73,71.3,182.48
137.36,288.73,99.09,31.62,0.64,106.73,156.32
75.08,245.48,188.36,5.03,3.38,81.02,170.76
115.11,126.58,62.27,18.23,3.92,60.41,150.37
72.04,170.22,86.06,40.72,3.66,16.11,137.11
26.59,94.9,158.46,33.0,4.76,91.48,141.87
183.02,386.75,111.47,11.51,3.72,130.8,243.8
202.12,60.95,111.67,44.4,3.5,104.44,182.35
187.75,155.02,15.4,35.14,1.38,60.32,141.71
141.73,20.08,82.73,14.02,4.63,23.52,147.52
117.04,96.49,57.79,31.02,0.98,123.37,111.09
259.68,314.38,199.87,88.87,4.53,141.55,294.86
158.13,88.46,65.13,31.6,1.63,61.3,127.55
146.36,41.22,177.48,71.97,0.74,110.65,128.27
12.56,195.04,136.87,61.98,4.15,64.56,142.71
105.67,13.89,71.48,43.86,0.11,77.83,73.51
117.16,43.06,110.99,25.42,4.18,126.29,156.27
122.65,324.97,168.9,38.16,1.39,17.1,166.55
176.15,310.87,177.26,60.03,4.44,81.9,244.04
162.41,366.9,36.28,36.37,3.49,36.12,205.17
184.33,343.26,71.22,23.06,3.36,54.27,213.98
230.64,276.44,70.37,13.41,1.89,98.44,202.56
244.83,30.41,13.2,88.22,0.39,8.95,122.02
216.85,315.31,121.66,45.15,4.17,91.1,248.74
286.88,339.75,171.69,63.27,0.94,46.1,235.76
10.38,321.64,79.41,50.06,1.92,102.08,129.57
62.75,208.31,149.31,87.51,3.04,25.53,147.37
7.23,100.83,127.4,55.6,2.46,111.69,101.43
196.01,339.68,78.25,49.12,1.07,98.62,193.88
269.92,293.59,32.51,92.61,0.79,145.83,214.53
76.83,392.5,143.32,72.53,0.7,137.13,169.11
278.48,70.72,171.64,12.93,4.33,46.08,224.42
22.78,98.01,138.74,19.42,0.25,8.96,56.63
280.66,92.6,8.49,79.14,4.89,100.03,228.29
108.73,319.09,47.17,83.91,1.07,92.42,152.73
34.92,82.89,18.55,55.43,0.64,8.98,49.83
148.33,36.0,116.23,56.34,2.93,22.79,136.93
80.75,399.44,152.51,63.93,0.49,89.78,162.3
89.04,19.68,26.56,45.03,3.05,137.21,114.4
95.65,335.75,168.48,68.66,4.27,136.44,222.03
241.89,152.49,113.32,12.63,0.33,26.97,154.58
164.05,338.23,139.54,96.21,4.02,60.76,233.22
96.84,226.3,194.42,75.52,2.03,11.26,152.89
185.05,361.64,21.32,63.86,0.88,73.04,180.11
216.26,371.22,180.74,33.0,0.96,114.2,222.73
85.42,13.55,29.59,17.77,4.6,119.55,130.06
127.0,39.41,81.63,42.12,0.64,77.35,96.37
40.96,107.64,171.03,66.83,4.35,18.9,138.29
58.44,271.03,181.72,64.1,2.77,60.3,161.8
205.93,356.43,103.74,39.5,0.29,140.15,198.56
58.52,189.38,120.85,62.1,2.38,38.29,127.01
159.92,246.72,143.09,81.75,4.11,51.36,212.24
214.17,83.51,167.39,4.58,3.66,113.29,199.81
36.53,323.94,28.69,46.16,2.5,111.37,142.45
172.36,387.26,162.96,76.34,4.31,137.27,263.78
80.69,114.75,98.85,55.52,0.69,61.28,95.14
289.06,202.98,92.87,65.84,4.56,79.62,257.06
147.65,43.59,87.66,52.63,4.25,72.77,160.82
242.77,228.06,104.3,99.2,3.57,139.52,242.77
167.32,206.09,189.28,7.35,4.11,116.55,216.37
17.81,66.33,111.9,50.12,2.76,125.56,102.49
191.78,182.41,190.87,10.96,3.41,24.3,197.69
285.66,140.3,40.16,17.66,2.85,119.82,210.79
182.48,213.51,146.21,39.54,1.84,67.78,179.37
246.66,238.41,163.39,17.24,2.89,8.38,217.15
265.84,13.31,137.43,96.44,1.36,13.71,161.74
72.28,306.79,123.35,94.79,2.26,103.3,167.61
67.55,288.08,115.14,34.94,1.48,58.94,136.38
185.24,152.85,172.88,64.7,0.7,130.88,167.23
126.25,30.65,165.22,54.31,1.68,111.47,128.72
252.76,304.42,28.85,81.93,4.27,8.14,239.85
270.51,382.52,170.47,63.49,1.97,104.6,261.83
109.26,103.66,85.74,2.02,3.77,32.89,138.91
74.88,136.17,54.47,76.79,0.96,66.27,97.35
235.26,81.69,174.6,75.19,2.18,95.59,191.18
86.07,235.01,89.24,51.95,0.66,131.54,129.68
247.67,70.39,162.63,90.49,0.78,71.13,168.95
130.0,148.92,56.36,91.03,3.13,122.23,164.56
201.93,281.84,5.77,53.34,3.08,118.53,207.27
33.18,228.45,101.61,61.58,1.15,65.11,107.31
189.04,160.72,24.54,99.66,2.42,77.64,169.42
138.27,173.9,152.1,31.28,4.33,106.57,196.97
178.05,229.22,58.83,33.81,0.95,9.52,145.0
54.56,12.29,91.51,19.91,0.19,134.17,63.04
222.38,40.62,21.97,89.79,3.29,116.62,176.27
259.53,353.69,60.9,74.96,0.36,41.17,202.79
68.94,40.37,157.39,12.35,4.9,147.27,156.11
33.24,285.65,34.56,98.21,3.09,31.01,136.39
11.97,368.81,131.2,73.63,2.4,137.54,162.3
194.38,115.57,183.9,85.35,2.21,52.05,177.9
184.09,154.49,137.57,6.72,2.91,115.66,186.81
166.28,231.88,163.15,51.49,0.54,71.17,161.34
73.42,353.87,26.25,70.46,4.66,111.79,197.75
120.32,377.34,53.89,55.21,3.17,27.59,188.82
180.37,298.43,179.44,67.33,1.0,44.08,187.12
151.55,43.78,144.45,82.15,2.86,19.48,145.03
296.4,270.97,129.71,38.69,0.75,130.45,226.94
45.25,170.02,134.43,85.17,0.19,47.96,90.77
210.07,193.57,85.77,17.97,3.19,105.7,201.1
124.27,29.17,13.69,28.55,3.28,123.93,128.2
131.32,84.51,157.97,6.25,2.96,135.71,158.51
216.69,318.3,137.35,37.71,1.0,20.41,192.76
209.27,187.04,97.2,39.23,3.06,134.49,205.64
297.42,127.65,180.45,80.92,0.38,33.6,190.35
42.88,159.77,70.55,66.01,3.09,111.85,129.34
35.71,343.22,62.39,44.8,2.81,110.68,155.59
218.68,302.11,175.2,65.91,3.31,6.23,231.36
175.62,116.2,160.41,7.17,4.49,36.99,191.14
85.88,55.83,105.42,19.67,4.27,76.33,138.75
28.43,108.28,30.49,63.44,4.91,65.91,127.41
30.27,369.1,46.94,64.85,4.88,138.19,193.44
268.79,236.82,132.96,77.87,3.88,57.16,249.45
61.6,218.06,80.08,41.49,4.79,140.86,177.34
100.39,242.59,168.11,72.81,4.35,71.62,197.16
71.86,152.75,190.24,69.03,3.67,144.83,171.44
109.72,324.77,162.1,96.41,0.47,111.92,166.63
25.48,214.08,78.62,23.08,0.34,125.25,91.0
158.12,55.53,158.79,56.06,4.2,20.21,169.88
24.95,60.34,73.53,60.97,2.5,89.99,90.16
241.11,219.38,37.58,99.87,4.09,25.69,221.17
73.95,375.26,11.51,21.72,1.63,48.16,140.25
164.3,130.26,80.21,53.28,2.05,95.42,154.17
264.62,349.12,181.19,35.93,3.53,110.3,275.95
197.01,308.0,51.6,53.54,4.59,10.68,223.88
162.22,106.65,45.27,24.75,0.53,81.99,115.73
100.68,24.17,194.12,6.67,4.32,86.97,152.75
103.24,49.72,9.88,58.11,3.99,16.43,120.78
202.5,294.11,158.23,34.91,1.65,77.6,203.38
298.27,87.87,67.67,19.83,1.84,108.51,192.9
200.24,154.8,12.31,33.75,0.33,12.72,123.1
169.55,205.66,183.97,6.83,0.18,115.24,157.17
220.54,292.93,32.23,95.14,2.44,88.58,211.0
142.24,54.16,112.6,58.95,0.57,125.82,117.91
22.74,168.48,58.44,81.85,1.05,36.62,81.0
170.88,199.18,17.71,43.47,4.25,125.82,197.8
287.5,220.92,14.73,90.52,2.9,18.71,216.72
56.71,329.16,27.53,49.37,3.2,63.56,155.19
208.55,76.95,18.92,58.25,1.02,33.93,127.84
64.28,325.05,153.31,50.2,4.16,132.02,200.95
163.07,280.22,99.69,73.86,4.35,107.21,224.99
33.52,226.79,71.86,57.53,2.66,8.68,116.56
137.86,282.82,86.58,28.62,4.57,6.38,197.09
228.07,170.69,186.14,16.26,4.24,47.23,225.59
107.53,63.98,182.6,61.4,3.68,25.78,148.46
201.15,269.65,144.56,49.94,3.7,96.39,230.98
239.66,214.62,177.51,11.41,0.62,101.25,190.99
278.52,259.36,67.33,40.77,1.43,141.58,220.1
74.22,141.82,79.32,52.45,0.43,143.05,103.06
122.8,363.68,124.67,83.04,0.14,100.54,166.08
49.96,239.07,126.61,9.46,0.88,5.82,101.75
297.78,43.31,98.93,36.15,4.41,57.05,221.0
278.47,185.42,83.13,82.62,1.28,79.41,200.24
164.29,304.98,197.31,65.55,4.85,77.38,247.27
253.4,319.71,165.12,30.42,3.03,92.48,252.39
158.68,202.89,89.82,84.84,1.26,144.28,166.59
188.96,358.95,146.82,50.34,2.54,133.35,232.47
31.29,114.39,57.56,50.84,1.17,20.79,69.84
227.8,170.13,24.53,97.71,4.92,43.57,218.96
42.68,360.45,73.72,94.82,4.25,125.8,192.35
248.69,359.54,83.58,37.14,0.23,124.52,209.74
235.7,277.43,8.22,15.78,4.74,44.93,230.48
214.08,345.0,163.88,33.92,3.63,110.94,253.75
15.67,44.62,75.04,4.99,0.5,102.45,49.87
94.42,347.35,118.18,4.04,3.39,73.66,187.21
82.62,135.04,19.42,40.76,3.27,34.21,121.23
111.24,79.55,39.12,94.22,1.17,133.85,113.36
30.85,103.35,178.49,87.39,3.82,103.29,141.26
281.4,173.01,123.69,52.12,0.53,29.5,183.25
168.37,107.96,190.31,57.39,2.5,107.2,176.78
95.13,135.02,199.76,2.58,0.15,112.51,114.38
122.11,62.64,77.51,23.12,4.85,133.6,168.05
136.92,125.51,63.27,4.43,3.78,37.31,152.14
182.18,233.19,172.38,75.94,0.88,148.37,188.39
157.13,182.32,199.73,16.27,1.77,27.24,161.6
276.22,145.22,127.78,87.17,0.89,92.1,194.53
151.6,301.12,160.05,65.05,3.86,100.29,224.27
297.69,358.47,157.44,24.48,0.39,65.75,232.52
256.17,305.15,74.29,17.46,4.22,73.88,250.74
66.51,139.48,116.98,63.51,4.72,134.18,169.28
279.53,300.33,167.45,90.28,3.42,98.56,272.04
39.33,69.27,139.18,72.4,1.14,77.07,86.42
246.15,60.82,9.13,36.16,1.86,23.61,147.12
117.28,144.79,70.66,59.56,2.44,6.06,129.91
264.0,325.0,33.17,32.45,3.06,23.12,228.23
261.08,106.08,50.43,99.92,3.38,143.65,215.4
242.75,34.67,181.57,75.39,2.82,115.79,198.41
238.06,61.37,12.19,62.21,1.82,145.23,164.65
94.88,344.91,47.86,43.48,4.47,10.18,186.97
28.87,257.18,65.37,62.58,0.5,103.63,102.07
123.88,108.75,125.29,35.48,2.38,11.42,131.13
56.19,226.57,109.15,4.83,3.9,118.4,160.91
210.01,215.76,47.56,40.72,0.4,60.24,153.37
107.1,265.62,37.03,93.19,3.56,18.89,167.01
292.81,100.94,51.18,63.38,4.12,87.37,226.18
194.09,347.12,102.99,10.23,3.34,45.62,220.44
247.63,130.65,57.88,88.73,0.16,100.64,160.28
44.09,280.71,189.78,28.35,0.98,100.44,134.89
259.29,16.29,95.45,25.89,1.78,107.23,166.61
277.21,155.34,16.47,31.11,1.25,148.91,188.55
148.68,147.17,147.21,58.57,4.82,61.07,198.26
183.84,221.96,69.12,55.38,3.29,72.47,194.1
230.62,38.37,132.43,50.16,1.56,121.67,166.38
56.58,318.15,59.52,72.32,4.66,88.86,185.58
153.26,94.93,116.3,33.02,3.73,10.4,158.53
122.61,274.04,155.57,78.64,1.49,127.25,176.56
48.18,323.25,185.96,19.18,1.96,12.47,144.95
113.42,229.13,55.92,78.7,1.08,29.77,128.08
25.11,298.94,70.3,67.05,4.86,19.8,162.93
12.61,268.13,95.53,68.95,2.63,16.3,121.86
44.87,148.66,185.8,49.19,4.49,8.72,149.14
289.12,325.45,180.77,67.37,1.8,12.98,243.51
167.11,124.93,22.53,9.82,4.32,69.15,171.34
289.92,232.77,30.73,85.45,0.36,41.66,187.39
132.59,300.71,101.62,7.44,4.91,23.35,206.35
96.99,157.79,25.79,16.58,4.57,100.51,159.49
154.31,128.08,72.39,58.53,1.88,37.79,137.91
134.66,189.14,33.94,74.46,3.9,7.75,163.83
36.17,329.01,129.03,9.47,3.79,65.67,167.21
194.04,372.67,190.15,92.23,4.52,50.01,265.14
68.73,222.58,199.36,97.41,1.61,51.2,143.42
187.78,267.97,78.17,61.38,2.38,69.56,192.72
196.81,362.28,121.81,49.16,4.34,101.99,254.74
49.85,48.43,171.97,74.66,3.92,94.39,135.77
23.1,100.51,27.91,34.18,2.03,140.9,88.5
235.32,286.47,139.47,50.34,4.24,80.07,253.05
140.64,331.26,84.72,91.78,0.33,73.52,160.37
22.16,344.24,45.2,95.65,3.93,35.95,158.43
298.49,171.89,83.54,92.85,1.11,114.53,209.47
22.05,44.84,19.81,27.72,1.5,25.41,49.87
210.04,180.73,140.6,24.78,2.52,76.21,192.91
295.19,99.99,54.28,31.17,2.3,66.09,193.8
75.56,123.57,65.72,45.25,2.65,100.45,124.15
46.96,311.18,28.61,32.79,2.77,138.06,150.84
40.81,39.46,173.61,38.67,1.72,142.26,101.33
94.47,332.76,101.22,62.82,0.96,29.33,144.58
34.81,176.79,116.57,76.73,3.87,42.96,138.87
209.19,242.46,116.04,74.08,2.06,122.69,206.28
23.38,44.96,85.05,81.81,2.58,80.15,89.98
155.28,141.57,42.54,5.15,3.26,70.69,156.81
299.03,44.98,150.3,6.68,4.56,108.04,236.38
245.12,385.0,29.78,79.36,3.57,92.28,254.8
186.49,324.83,25.26,54.24,0.32,145.75,175.48
95.34,189.26,143.48,58.66,4.21,89.68,179.96
189.05,97.2,45.72,7.15,4.95,72.57,187.74
160.48,374.05,64.82,27.02,2.42,83.71,200.21
130.69,144.39,97.67,64.56,4.85,122.24,193.36
43.56,72.78,92.62,86.2,2.78,93.84,110.3
266.55,229.63,143.17,91.86,2.35,98.82,233.31
137.69,378.07,126.57,51.04,1.72,145.86,202.52
62.41,11.49,130.66,55.46,3.32,94.67,116.44
113.49,102.87,144.24,83.64,1.23,60.14,123.38
127.17,375.99,62.06,54.69,0.61,105.24,165.84
249.12,76.72,67.85,52.65,0.23,100.62,149.03
221.42,54.16,90.41,90.7,1.53,7.01,146.07
231.94,232.37,64.96,79.41,2.04,72.76,198.44
8.25,346.12,197.06,91.09,2.81,112.72,170.18
127.77,196.07,163.74,23.39,1.53,77.36,151.84
147.0,397.88,37.11,53.39,4.92,118.05,240.81
10.66,274.88,6.09,84.56,1.53,70.38,102.11
81.64,38.89,13.34,12.89,2.26,147.58,99.78
229.29,397.2,52.59,79.88,0.61,47.47,203.24
45.45,169.08,27.29,19.93,1.38,18.36,81.49
162.92,122.09,109.0,81.2,0.34,67.35,129.21
68.48,227.57,172.31,61.98,2.84,83.55,160.11
8.58,128.68,148.67,20.94,3.78,55.62,118.61
76.15,43.72,47.04,48.39,1.06,40.13,73.01
292.88,10.56,82.86,68.83,1.9,102.45,182.49
241.45,185.34,104.04,64.12,0.18,59.68,167.34
288.08,336.38,162.99,43.87,4.21,96.55,289.03
148.92,233.2,168.63,90.14,3.92,117.97,217.04
37.37,399.69,182.4,52.89,0.41,115.35,150.99
166.65,121.87,104.3,51.57,1.89,59.42,149.07
139.04,119.38,140.38,8.1,4.78,87.35,186.17
254.09,72.3,26.8,92.37,2.02,70.2,170.2
33.93,73.98,115.23,19.36,2.68,131.27,107.46
149.03,121.22,53.49,53.78,1.84,132.42,144.73
49.26,319.21,89.18,80.75,3.02,54.84,158.54
100.78,363.25,128.64,23.11,4.89,18.3,210.71
222.52,390.28,55.11,53.68,4.99,29.3,259.91
145.43,100.59,15.18,25.59,3.9,58.22,150.3
115.89,353.71,7.0,76.45,2.08,86.82,170.03
121.37,138.02,9.32,57.31,2.52,100.23,136.16
140.54,54.01,6.63,85.89,1.85,53.05,112.28
236.58,349.31,26.52,89.67,4.93,101.79,266.65
268.16,258.08,51.7,65.58,3.57,140.97,247.86
286.82,74.25,48.14,73.09,2.3,99.54,193.54
237.14,177.63,197.43,55.82,0.16,27.99,172.17
98.05,122.03,64.67,39.67,2.65,89.05,130.41
208.0,297.35,29.85,65.52,4.92,83.57,240.05
134.09,186.83,111.38,91.01,2.66,131.25,176.45
80.13,395.82,172.3,42.83,0.99,55.79,164.62
253.06,31.35,137.22,32.81,0.21,66.33,144.43
16.34,148.46,62.74,40.07,1.84,91.81,90.98
271.02,197.94,114.52,44.67,4.6,81.04,250.79
141.14,206.22,144.4,9.21,4.98,109.26,211.41
192.97,133.21,146.98,50.85,4.73,10.86,203.58
199.51,294.4,134.97,50.44,3.67,86.71,232.09
269.06,351.15,174.81,59.67,2.83,22.64,255.96
192.82,376.1,174.67,37.56,2.99,50.71,234.82
186.11,323.99,117.89,62.08,2.74,100.94,219.39
24.66,341.73,88.82,88.07,3.56,27.83,157.98
157.93,224.71,130.11,95.64,2.15,49.78,176.95
49.3,332.1,164.55,59.19,3.38,106.94,183.47
222.54,128.37,6.1,6.17,0.7,99.37,141.57
156.11,165.41,198.44,96.99,1.4,18.2,158.75
205.67,133.6,40.66,71.17,4.2,88.7,198.45
17.29,192.28,96.7,34.92,4.53,26.35,135.25
30.01,121.38,175.05,16.42,2.74,41.58,111.53
216.32,385.03,48.88,16.06,0.26,71.59,187.03
26.26,132.01,97.98,18.44,4.64,20.86,126.21
26.02,48.24,30.85,6.47,3.54,149.08,100.79
8.57,215.46,82.04,90.41,2.13,28.98,104.15
287.17,32.27,39.54,55.0,3.03,118.29,195.98
222.56,53.11,75.91,70.6,2.21,125.33,169.98
109.21,95.56,77.83,83.15,2.38,149.2,140.87
92.48,191.1,198.67,79.57,4.45,67.15,189.72
108.16,178.97,198.99,88.5,0.89,131.74,150.86
233.52,321.88,27.38,96.79,0.61,143.84,202.27
200.1,298.4,146.56,45.03,0.11,30.07,172.42
59.63,176.26,15.09,95.13,1.64,74.52,106.64
56.36,140.14,10.89,72.88,0.82,13.7,73.89
34.03,133.42,25.54,8.93,1.18,95.0,76.94
199.79,311.86,193.27,68.81,0.16,89.3,193.88
230.49,30.31,188.47,69.3,1.21,34.6,156.85
83.19,15.0,42.82,90.77,1.73,120.7,95.83
11.18,320.26,36.53,38.55,0.25,10.4,83.24
29.24,196.09,51.9,59.32,3.08,121.9,129.1
290.52,61.04,105.53,3.19,2.89,8.86,189.2
92.16,101.87,116.09,34.54,0.58,100.24,101.77
231.92,373.68,48.21,8.1,3.02,16.42,223.24
189.28,345.21,152.54,53.14,4.99,41.43,254.06
117.67,286.82,65.36,82.11,4.73,109.68,209.82
65.68,198.07,184.82,22.23,0.11,45.66,104.38
40.81,212.93,133.06,53.69,4.0,79.12,156.07
186.43,390.35,90.09,21.99,1.83,137.71,216.5
233.52,386.65,159.03,13.83,0.41,12.2,203.98
194.95,93.95,164.49,52.08,1.55,122.61,168.3
161.44,326.33,61.64,9.76,1.68,14.46,167.38
17.38,86.92,71.24,59.56,2.66,23.39,84.44
290.7,93.28,187.51,5.07,3.34,22.3,217.01
240.62,273.68,37.12,12.46,3.77,149.14,236.73
91.38,167.95,13.22,55.9,1.3,31.13,101.96
294.09,373.3,93.54,59.96,1.68,135.03,257.73
182.56,44.71,161.24,4.84,1.61,148.69,153.1
176.81,209.49,155.48,58.19,1.88,60.65,179.02
225.68,368.22,184.31,84.17,5.0,96.5,289.43
244.47,362.6,108.97,72.79,3.91,117.97,270.31
198.66,71.05,24.51,14.86,4.88,61.93,181.29
42.79,152.99,119.79,60.06,3.5,28.46,128.4
104.79,251.46,156.79,67.88,2.09,67.9,164.06
278.78,72.16,23.2,5.65,2.01,116.92,177.68
71.26,387.53,38.67,85.82,2.49,118.21,175.54
114.79,366.75,7.4,90.81,2.14,38.43,167.36
132.46,75.11,120.76,85.34,4.16,30.37,161.59
134.62,57.25,177.91,82.81,2.38,138.48,156.72
185.82,43.31,135.78,75.01,1.55,11.38,135.79
283.21,364.68,196.5,64.08,3.9,111.54,297.28
76.0,85.51,17.29,68.51,4.29,11.73,123.01
40.84,172.35,181.09,81.03,2.16,126.5,137.45
63.25,185.05,163.74,66.92,3.37,136.29,164.59
266.64,243.61,66.28,34.12,0.39,48.13,181.77
195.51,37.98,194.84,38.84,2.69,15.72,161.68
89.34,98.44,61.15,89.91,0.32,74.7,89.6
245.7,373.28,178.41,3.68,0.24,48.28,210.96
259.1,364.28,176.75,70.48,3.1,65.48,266.43
254.72,314.7,152.74,95.57,1.59,101.42,236.31
276.08,17.57,114.88,71.21,3.74,35.42,199.69
79.41,137.53,28.4,99.4,4.49,56.76,149.35
227.74,254.9,108.73,69.38,0.78,118.47,194.84
140.86,117.32,74.58,5.37,3.65,98.35,161.04
253.39,364.74,159.48,83.05,2.62,52.31,253.69
219.9,257.22,152.84,29.89,0.65,101.32,190.26
234.05,38.04,182.57,45.71,3.29,115.97,199.97
198.57,364.51,7.89,32.59,3.09,90.91,216.7
57.34,383.53,162.78,28.32,2.63,39.73,172.25
165.78,40.31,188.0,44.28,4.64,5.04,177.35
295.48,217.62,158.91,39.12,2.65,121.41,247.48
281.53,128.31,30.39,64.07,4.95,124.28,242.18
17.74,163.21,20.85,81.69,2.6,106.15,105.88
53.62,80.06,9.06,31.11,0.67,16.1,54.36
43.86,235.45,127.61,22.94,2.41,89.86,135.63
219.16,383.61,127.79,67.36,0.99,124.05,223.8
246.25,206.2,197.45,67.69,3.03,61.5,230.74
67.99,42.34,82.62,90.31,3.5,33.71,114.59
154.23,251.8,69.72,3.56,2.4,90.21,172.33
253.01,142.69,126.76,85.6,0.58,124.81,184.72
221.18,343.81,165.99,53.06,2.4,12.09,225.2
164.96,179.52,187.67,62.89,0.5,91.56,157.55
179.15,85.21,161.61,10.95,3.44,98.26,180.41
154.97,84.53,88.2,44.4,3.97,92.34,170.01
92.78,309.82,128.81,24.28,4.82,99.25,207.95
171.68,113.58,171.98,26.91,0.83,96.55,146.8
208.22,309.22,100.67,51.4,2.71,23.91,209.59
262.63,90.3,47.25,81.62,2.88,39.07,187.44
192.71,135.46,38.1,74.89,4.62,94.75,200.89
229.53,191.54,5.03,59.92,3.17,7.57,185.61
52.22,377.85,145.06,54.86,0.81,97.04,150.45
141.16,373.38,26.66,43.88,2.24,101.48,188.32
7.75,90.68,52.55,97.33,3.31,39.68,94.43
77.77,149.71,63.09,56.9,3.53,91.73,142.93
219.31,68.27,114.27,26.89,4.33,82.44,198.51
297.58,208.89,82.6,24.55,0.98,42.8,196.84
34.26,189.63,136.56,61.91,4.76,72.13,160.56
123.44,361.3,15.85,53.24,0.39,136.9,155.72
241.02,372.7,29.17,2.75,4.92,66.86,259.43
65.19,159.59,102.35,83.35,4.3,96.33,160.68
168.75,201.78,70.71,71.0,3.34,10.13,177.11
221.26,359.53,62.68,66.86,3.7,16.28,234.46
186.72,324.62,18.07,8.74,0.46,16.79,152.56
60.47,11.43,179.67,37.48,0.3,117.84,79.4
109.84,134.82,139.9,93.67,0.6,55.79,118.6
236.22,174.49,28.72,86.53,0.53,38.0,155.97
168.5,99.59,17.68,29.98,2.78,113.36,151.7
6.54,87.83,195.1,17.39,1.16,29.64,72.97
229.49,24.74,137.83,46.01,4.32,40.74,192.86
15.42,260.91,86.4,36.87,2.28,67.49,119.38
224.99,112.38,141.84,68.86,3.51,53.06,201.21
64.73,30.42,152.48,96.71,3.3,89.88,127.49
287.63,100.08,157.09,37.57,1.67,53.99,195.5
113.54,322.75,98.19,8.1,1.29,61.98,154.17
101.44,342.08,88.83,89.97,1.78,130.12,177.5
48.92,198.4,7.15,5.72,4.0,133.26,140.94
95.15,172.27,185.68,95.37,2.97,125.02,173.25
263.61,391.36,122.65,67.13,1.34,130.4,248.52
298.92,88.22,44.62,94.29,4.11,87.61,228.09
113.65,93.99,184.32,21.57,0.37,98.7,114.39
137.34,123.83,183.41,5.99,3.53,85.79,173.57
218.01,77.38,197.89,49.84,2.25,118.91,188.96
266.43,157.95,175.44,46.16,3.68,84.9,237.08
179.95,365.23,199.57,34.49,4.64,21.11,251.24
120.5,249.99,52.71,95.85,3.78,122.39,190.68
126.72,170.66,169.24,82.61,2.27,115.28,169.75
210.21,374.42,165.49,66.84,0.84,123.94,221.66
5.95,28.9,50.03,17.96,4.05,32.61,83.12
187.78,92.01,24.2,73.96,2.36,44.38,146.56
109.87,230.7,195.99,73.25,0.47,47.88,141.03
239.29,250.07,62.72,43.66,3.62,78.67,225.65
32.43,25.43,174.82,92.63,1.53,24.41,80.16
178.52,167.19,5.8,18.36,0.34,60.88,121.78
146.89,263.17,9.1,28.2,4.52,31.41,188.14
194.49,282.25,95.84,8.2,2.47,43.39,192.96
24.13,258.87,51.55,79.95,1.48,107.43,115.42
176.1,135.02,139.52,62.93,3.61,128.95,198.16
170.64,46.47,115.29,32.86,4.44,8.32,165.99
170.39,176.57,20.11,18.05,0.1,87.06,122.88
183.03,60.21,36.71,5.93,3.47,10.23,144.95
204.56,379.57,80.67,18.34,3.86,17.36,232.15
242.47,195.32,41.19,46.42,1.13,107.24,179.89
84.6,133.73,159.48,26.22,2.5,111.66,141.37
248.39,308.86,86.13,27.38,0.54,123.03,203.3
151.99,204.2,23.22,87.81,3.76,73.77,181.35
27.73,130.91,99.45,52.48,4.25,129.67,140.68
22.27,326.67,22.71,73.47,0.63,29.19,98.83
103.6,348.19,30.14,5.5,4.1,41.21,183.84
236.54,272.47,51.72,37.79,3.88,24.5,222.54
213.77,28.32,172.61,48.96,1.8,120.64,167.05
237.64,230.87,185.3,20.27,3.48,38.16,229.01
157.59,307.69,166.12,13.78,0.1,27.55,156.51
134.86,63.24,70.15,87.29,4.67,95.35,170.13
48.5,99.18,58.13,94.06,2.8,16.18,101.74
101.82,354.17,112.09,9.72,3.14,11.51,178.17
133.04,17.85,145.76,36.2,3.36,20.47,135.69
31.14,303.56,198.71,95.91,2.85,5.03,156.08
70.08,194.77,30.66,10.15,4.3,106.06,152.98
181.48,184.24,14.61,65.08,3.09,86.52,177.43
222.02,12.77,140.4,97.28,4.55,35.43,195.68
299.51,329.57,167.28,97.87,2.95,38.79,270.72
280.27,150.33,170.04,48.18,0.94,122.59,204.96
194.56,220.9,137.3,17.95,4.58,77.76,224.7
129.27,274.15,191.03,21.8,3.44,106.29,204.91
192.67,284.03,104.65,89.18,3.53,70.65,221.98
236.77,382.83,183.19,91.34,4.93,39.47,287.74
39.91,217.22,193.72,61.57,0.47,145.71,123.51
125.92,165.89,170.2,77.09,2.2,87.02,162.84
252.74,381.94,65.4,74.51,1.27,23.99,217.42
118.23,260.42,43.26,66.86,3.19,63.88,169.97
173.7,126.28,111.88,83.07,4.05,52.75,188.54
178.39,59.32,93.34,69.17,4.83,36.04,182.07
59.42,338.6,176.16,54.33,2.33,140.35,179.31
111.86,151.25,24.51,25.22,3.95,132.73,160.39
103.68,267.58,55.26,74.9,4.59,33.88,184.75
12.73,193.62,151.6,48.4,3.45,56.06,131.53
12.14,87.58,23.52,30.89,1.29,115.54,65.66
250.35,244.66,67.55,80.59,3.08,35.23,218.73
85.56,33.67,80.5,70.28,4.85,90.78,146.47
157.83,171.2,126.41,93.86,4.94,106.47,215.78
93.12,223.18,35.84,18.21,3.25,99.83,152.77
282.5,180.06,172.82,65.62,4.45,107.43,264.3
81.49,301.98,92.27,25.94,1.08,107.47,141.77
131.75,332.89,183.82,90.55,1.31,144.9,197.23
262.46,310.78,96.23,11.75,4.77,55.24,262.57
253.37,25.14,58.63,66.3,0.76,132.4,153.1
59.9,85.71,32.66,79.53,1.04,8.16,70.72
241.78,219.28,5.73,36.78,2.16,46.79,184.53
140.17,374.58,108.77,95.51,2.99,12.06,203.49
147.48,335.63,25.9,85.37,3.06,99.42,199.33
44.38,338.59,81.39,30.87,1.53,19.61,126.67
28.78,128.25,119.91,2.74,4.61,127.63,143.73
219.74,177.48,58.76,31.07,4.58,98.76,218.89
151.46,193.58,39.17,29.57,2.02,9.18,139.82
133.87,71.37,156.07,89.22,2.23,108.64,149.87
220.2,22.12,189.62,96.78,3.54,130.0,203.26
230.83,379.29,24.59,8.9,3.35,100.86,238.13
51.88,103.88,35.34,48.19,1.97,9.43,82.66
185.02,103.58,192.2,55.74,2.13,129.4,180.48
44.93,42.52,12.37,11.11,1.81,111.21,73.2
226.66,372.12,195.64,38.99,1.25,59.88,226.11
198.8,236.1,5.91,33.07,2.34,52.65,174.0
287.2,270.14,175.37,54.53,3.46,74.57,263.81
25.34,365.51,64.93,66.8,3.74,130.73,175.3
21.83,144.79,188.02,70.94,3.92,41.55,137.97
88.25,252.39,66.8,15.4,1.94,19.64,129.33
82.2,25.13,132.59,81.67,3.85,130.37,143.22
77.86,82.84,20.61,68.5,0.13,8.81,60.95
272.35,334.19,52.25,89.13,2.44,137.09,249.65
78.62,309.04,155.87,46.03,3.99,49.33,188.49
85.23,146.75,108.09,89.6,3.19,78.69,148.23
229.02,156.96,185.95,86.85,2.42,24.18,199.55
137.67,218.09,88.61,44.96,3.26,135.83,185.73
234.13,10.09,174.61,39.35,4.54,113.73,211.02
24.28,104.09,92.55,93.42,2.88,139.0,117.73
148.83,91.21,195.95,72.09,4.02,104.07,190.27
14.92,107.69,192.17,92.97,4.91,31.78,143.98
23.48,324.3,69.18,80.1,3.56,49.7,153.46
272.4,119.07,177.76,61.71,2.91,75.59,220.59
46.08,84.69,170.28,13.35,0.28,93.05,80.46
162.06,206.66,46.08,30.57,1.93,139.34,166.05
126.27,347.6,126.74,96.95,2.87,60.67,200.9
107.47,104.13,19.17,33.3,4.01,106.95,146.15
270.45,40.63,168.16,11.14,2.25,144.35,198.0
11.44,149.0,39.04,71.34,4.8,27.09,123.49
200.82,301.58,18.81,73.93,1.43,130.09,191.85
289.2,224.77,83.04,29.97,3.75,66.0,242.21
170.25,328.55,117.5,31.17,2.15,111.2,203.53
281.36,384.24,171.71,47.95,2.48,47.56,264.3
20.42,319.14,194.98,4.14,4.03,53.43,170.15
128.54,245.48,90.7,79.35,1.55,8.93,146.67
81.75,202.4,16.79,33.07,0.57,145.85,109.5
220.59,25.63,151.08,85.67,2.65,122.95,182.77
294.48,393.89,115.21,80.66,2.69,18.62,265.08
80.68,159.56,92.34,66.82,4.01,149.93,167.3
197.98,69.37,65.31,33.84,4.84,92.73,192.83
63.44,270.02,102.97,52.6,0.37,128.79,124.97
171.77,120.87,71.04,45.59,3.0,14.67,155.29
141.86,238.45,152.62,35.21,3.44,61.47,191.64
291.74,238.84,111.06,85.12,4.93,102.1,278.91
184.52,183.83,175.99,49.38,4.72,20.43,215.75
108.1,336.09,110.99,83.61,3.59,75.89,200.72
38.66,113.34,51.46,12.31,2.66,69.19,97.31
49.62,184.97,170.96,15.82,0.89,36.33,102.89
71.47,219.7,113.66,97.78,1.98,48.54,136.37
79.04,268.81,45.33,59.6,2.97,145.23,164.43
255.93,315.75,126.58,51.96,3.65,46.85,251.54
170.56,163.97,74.75,53.27,3.21,35.95,171.15
159.4,261.96,169.66,23.1,3.6,82.75,210.31
38.86,68.74,93.39,72.43,2.2,102.29,98.93
258.74,373.73,146.66,10.31,3.67,110.14,272.77
218.23,159.39,23.63,58.19,0.8,114.37,157.75
24.96,294.51,82.22,57.94,0.9,10.34,102.02
213.81,17.93,196.73,91.59,0.9,62.1,150.56
165.34,90.02,162.65,53.57,4.47,117.22,198.46
29.11,199.96,36.19,15.43,0.47,136.2,86.13
140.2,352.52,59.16,58.13,4.03,92.32,215.53
147.99,215.63,69.31,10.95,1.24,12.58,134.37
53.9,372.65,131.82,21.97,2.4,62.51,163.37
283.98,198.68,152.61,5.05,4.59,15.76,247.91
255.74,201.28,151.16,52.3,2.97,113.54,232.05
202.36,56.7,104.43,10.28,1.13,14.21,128.05
141.38,323.04,163.11,48.0,1.49,31.93,177.59
126.47,106.32,90.23,93.43,4.61,65.46,173.7
197.04,360.85,29.16,72.54,2.19,72.08,206.32
165.9,365.22,115.07,9.59,2.98,63.94,211.86
23.37,377.89,190.7,23.97,2.35,72.19,162.06
156.19,212.89,159.63,68.02,1.95,108.42,181.38
242.89,274.07,117.85,89.68,1.19,58.54,205.31
140.48,313.62,131.13,5.23,3.46,84.42,203.7
20.33,61.1,186.46,81.62,3.62,48.99,118.12
236.95,244.37,88.53,57.06,1.45,56.28,192.79
64.4,23.38,69.62,55.52,3.97,94.0,120.02
81.29,204.05,195.56,95.87,4.29,76.12,187.97
53.59,70.39,173.37,75.27,4.61,109.84,154.69
102.41,81.34,67.99,85.31,0.89,86.28,102.25
228.24,152.37,95.44,36.69,1.59,121.52,181.82
158.22,178.65,85.94,56.33,4.32,69.29,192.67
65.44,253.04,34.07,62.31,1.07,76.2,115.65
263.96,39.03,191.77,33.52,0.12,102.15,162.58
264.48,206.44,83.84,57.88,4.37,37.08,236.51
261.82,81.22,175.69,25.19,1.7,60.96,184.48
75.44,233.85,41.92,16.05,2.13,95.6,131.15
138.12,258.59,111.83,38.65,2.29,9.19,163.29
295.57,227.12,9.67,74.45,4.26,68.36,246.65
232.74,297.94,154.02,91.79,1.76,91.83,225.08
13.01,140.89,118.28,46.86,4.47,145.27,144.68
24.24,308.39,126.99,65.0,3.12,132.17,163.59
141.86,178.78,15.09,12.1,2.68,45.71,143.08
273.22,198.83,46.15,90.64,1.7,78.55,202.26
163.92,262.76,19.49,57.72,1.29,13.18,148.21
151.85,17.16,61.34,78.47,3.16,39.91,134.58
36.11,265.06,127.35,79.86,2.29,117.35,146.5
198.75,251.25,115.41,27.14,4.56,22.88,221.63
247.52,130.84,124.37,53.86,2.51,42.37,193.21
117.22,43.46,112.1,96.13,2.61,141.89,142.41
233.81,45.46,58.24,10.78,2.14,124.46,163.23
289.52,370.06,52.68,68.94,3.97,118.37,281.88
65.11,278.82,31.73,96.3,2.18,130.36,148.48
159.38,59.57,170.57,31.46,1.42,113.69,142.75
89.71,149.12,125.21,86.42,4.32,22.49,161.36
238.89,241.07,41.37,93.5,3.02,79.9,216.68
175.39,335.87,39.56,75.21,3.0,69.42,206.17
192.2,27.03,175.24,24.67,3.09,50.12,164.95
240.38,102.29,149.83,34.73,3.62,125.94,215.78
121.81,357.0,133.58,5.51,1.63,72.3,176.07
274.95,13.57,84.34,83.48,0.27,13.74,139.74
162.24,88.55,56.09,85.26,4.07,44.87,167.35
51.6,384.02,195.99,64.01,0.73,38.15,149.94
210.29,249.23,160.46,36.55,3.64,133.68,236.29
239.01,112.05,63.85,9.53,0.5,98.88,150.93
98.44,36.13,170.28,75.8,1.94,86.25,121.75
257.87,20.99,152.99,73.2,0.41,78.46,155.52
272.31,105.45,62.93,91.44,2.66,99.27,203.37
86.69,353.78,88.18,73.59,3.3,114.46,192.69
295.14,172.21,41.26,83.21,0.94,85.39,193.92
46.51,290.93,26.66,75.1,1.92,141.05,138.27
64.59,368.13,145.94,63.81,4.66,146.64,219.6
59.35,169.14,57.16,43.84,2.27,149.32,126.94
268.73,84.6,164.91,90.41,4.03,102.06,233.98
198.02,211.68,199.14,65.79,4.64,140.23,248.68
49.87,364.15,19.94,41.04,4.87,63.65,182.54
134.9,323.71,97.24,10.18,4.5,129.64,221.28
186.51,35.67,161.4,30.49,1.66,136.83,154.35
29.62,280.1,158.85,55.29,4.82,136.1,189.89
265.31,233.04,153.2,29.01,4.08,125.47,258.65
242.06,363.91,73.05,23.68,4.2,63.96,255.56
154.04,57.77,93.5,53.68,0.17,28.04,99.38
290.3,218.27,121.02,18.64,4.78,53.42,259.44
128.24,352.99,194.92,80.44,3.91,116.26,235.3
295.31,169.91,68.87,49.47,3.86,38.77,231.15
202.04,197.98,185.01,58.24,0.5,74.35,172.63
192.23,37.48,57.52,16.44,1.24,86.98,126.3
53.96,118.48,197.87,33.81,4.82,92.56,164.45
265.17,136.56,135.7,42.19,2.55,140.68,217.35
131.11,378.6,95.38,81.2,2.05,100.92,196.47
52.86,120.24,124.61,77.48,4.22,119.01,152.72
8.72,189.74,58.14,23.85,0.53,89.37,73.87
170.13,271.81,58.46,62.39,2.14,125.87,188.45
160.58,73.25,27.14,25.86,1.94,43.23,121.14
217.21,199.71,27.24,98.85,1.81,35.43,173.33
267.63,298.03,72.8,95.31,1.61,139.32,232.12
28.42,348.07,153.76,57.2,1.13,105.55,142.54
220.79,254.24,123.55,70.49,0.95,102.37,194.31
60.29,270.93,25.0,80.54,3.24,72.76,149.59
258.16,59.25,171.19,72.66,4.61,59.62,226.08
246.62,378.85,122.27,70.58,2.59,85.58,251.56
164.53,61.7,192.37,95.94,1.56,22.48,143.38
214.52,312.12,135.69,60.45,0.88,70.93,198.47
97.73,113.28,39.16,64.36,4.17,71.03,147.23
143.99,374.1,97.39,85.23,4.86,83.06,240.91
247.38,290.78,131.46,67.65,1.81,97.03,225.31
140.48,303.99,10.51,73.83,1.53,143.81,170.41
110.55,95.43,7.91,24.95,3.05,99.56,127.63
150.79,182.79,30.23,38.38,3.9,133.14,183.71
249.33,250.95,54.07,16.44,2.33,85.66,207.5
103.89,310.29,88.76,51.57,3.19,95.9,184.28
56.26,50.54,100.05,46.66,3.61,15.13,108.72
215.04,385.32,31.92,99.72,4.81,24.32,253.59
248.66,357.19,136.31,61.9,0.91,89.05,224.53
34.69,115.44,121.25,79.07,4.99,62.38,147.22
75.76,330.88,62.42,34.73,2.02,120.83,157.76
46.88,212.15,7.66,83.49,3.64,83.76,137.9
107.64,190.1,20.14,62.28,2.9,132.93,153.84
137.85,132.63,81.38,70.31,2.48,145.99,160.07
225.9,236.58,35.02,30.85,3.52,26.41,202.79
197.09,294.66,78.48,55.77,2.04,62.25,195.04
188.17,170.26,127.5,64.14,0.72,101.42,160.84
108.95,255.4,111.71,59.73,2.5,49.3,162.22
253.23,282.73,50.08,91.69,2.66,43.72,220.94
144.03,287.34,72.05,90.03,1.09,122.99,169.68
293.84,30.27,124.74,97.16,4.68,147.15,244.36
192.07,345.3,172.87,67.41,1.21,117.2,214.36
42.25,188.72,151.88,97.25,2.11,80.93,130.87
204.47,112.34,112.91,83.58,0.86,69.16,152.81
100.91,104.29,75.65,28.54,2.73,83.25,128.79
207.47,198.38,76.18,43.89,1.61,72.11,173.41
25.54,355.86,176.49,25.36,2.5,77.92,159.55
56.59,157.56,12.65,2.41,1.2,34.5,79.47
257.44,302.39,197.66,20.43,0.36,136.04,221.01
72.02,47.76,134.55,2.4,3.92,114.41,134.72
251.93,195.66,137.82,72.54,3.24,103.74,232.01
87.39,396.76,12.41,43.7,1.77,142.74,168.49
194.65,310.47,123.08,32.63,0.33,46.24,173.61
209.77,92.11,99.53,76.65,4.34,16.77,192.56
156.23,205.56,25.63,83.58,0.93,124.79,148.51
95.07,101.11,59.19,97.58,4.66,149.77,169.26
67.73,169.73,178.61,64.92,2.45,88.87,144.33
14.79,314.23,112.25,47.23,1.77,13.53,118.87
94.66,310.78,85.62,31.92,3.73,118.17,189.8
197.68,98.96,19.17,23.79,4.4,15.69,172.42
281.8,369.67,144.25,22.87,1.92,83.3,251.82
262.01,241.1,142.06,42.1,2.1,45.24,216.77
230.99,158.17,124.74,99.2,2.22,137.68,206.65
237.59,205.75,104.5,2.08,4.62,70.44,231.93
201.17,245.98,89.59,21.33,3.49,135.28,217.93
81.78,228.36,120.69,20.46,1.31,48.37,125.49
272.62,199.7,50.51,72.28,1.01,61.17,188.07
202.87,206.92,188.55,36.54,1.23,142.33,194.25
170.33,78.8,119.81,46.81,1.39,34.19,132.55
37.74,326.97,65.68,16.57,1.23,88.88,123.75
136.88,221.29,92.69,41.69,3.33,61.33,176.18
140.81,61.12,162.11,12.11,0.67,117.25,121.68
260.05,308.8,36.52,54.24,2.0,23.75,210.21
166.26,373.65,62.1,11.6,3.16,68.4,209.41
117.22,379.45,137.5,79.47,1.53,106.35,190.18
293.16,153.92,66.52,57.53,0.42,64.02,179.68
37.66,62.85,159.54,72.95,0.5,13.49,68.4
129.65,212.18,30.44,43.01,0.72,107.24,130.01
17.4,53.92,153.72,39.39,4.2,77.96,119.37
223.27,374.26,18.33,11.62,3.32,6.64,218.92
275.83,81.6,7.46,53.34,0.42,93.84,153.42
87.61,108.58,180.15,52.42,2.02,138.38,140.03
258.21,168.59,118.36,47.87,1.47,21.1,184.68
91.2,159.43,73.61,74.57,2.93,90.65,144.45
273.68,319.92,50.36,83.59,2.66,110.66,245.89
227.42,187.96,125.29,75.58,2.46,15.26,194.06
242.45,76.6,104.26,16.1,1.64,8.28,155.41
10.31,114.21,198.36,62.96,0.78,72.31,85.49
289.03,208.55,196.73,9.87,3.74,119.72,261.84
219.37,67.51,128.83,70.07,4.41,28.3,198.0
94.9,248.55,91.36,39.42,4.73,126.31,195.16
249.67,230.64,100.77,14.98,0.39,100.2,183.45
88.05,288.73,138.08,86.48,3.73,53.17,186.18
262.46,375.7,24.81,62.17,3.66,79.79,256.93
38.21,365.78,69.03,36.76,4.74,145.01,195.33
212.59,378.97,19.68,5.01,1.34,36.38,189.83
164.51,105.44,19.31,54.66,3.74,77.43,162.92
33.48,61.31,43.19,92.48,0.37,95.55,61.23
76.36,127.89,99.62,60.45,3.19,25.01,128.76
8.66,359.08,158.03,97.22,1.82,11.31,137.69
143.29,389.1,99.67,15.37,3.87,6.95,210.68
93.87,345.14,70.42,57.69,4.33,52.08,195.67
181.52,52.91,21.06,80.22,1.89,15.72,125.04
92.69,379.5,112.31,53.5,2.68,121.55,193.53
93.48,175.11,57.9,10.92,0.68,149.61,114.76
224.24,13.63,124.91,59.12,2.14,13.89,151.3
19.2,182.53,195.55,61.95,1.87,67.75,117.9
271.35,27.97,26.71,73.41,1.0,8.73,141.75
256.42,222.11,46.36,76.6,4.48,24.43,232.51
202.0,142.04,97.25,77.54,0.83,51.82,151.71
180.0,194.64,193.88,67.02,3.22,62.09,204.25
268.23,249.14,155.5,23.15,4.46,141.27,270.88
59.67,348.83,180.15,41.62,4.57,62.4,202.71
28.3,268.14,70.07,78.06,3.99,76.96,154.61
75.66,179.28,198.45,95.44,0.96,40.61,125.97
239.4,329.58,25.05,9.74,4.11,5.02,228.74
15.23,363.18,15.33,54.48,1.46,135.4,128.61
176.93,56.71,171.84,32.63,4.62,16.85,182.98
298.65,217.45,185.82,24.09,3.57,144.82,268.57
257.43,120.96,22.66,51.57,3.95,23.97,198.53
158.83,28.35,27.12,61.4,0.52,92.71,101.06
23.77,270.73,11.47,2.96,2.96,149.91,132.49
250.26,346.48,25.38,78.46,4.12,25.08,246.67
181.7,73.53,45.84,82.35,4.32,66.47,177.29
38.91,326.84,194.16,96.62,0.24,118.16,141.05
32.69,342.82,135.23,19.7,4.7,9.67,175.87
273.34,366.59,156.82,60.27,0.31,105.02,232.64
202.41,113.46,156.35,43.81,3.11,16.65,180.66
249.64,362.54,109.34,34.81,3.5,39.3,250.6
264.3,135.06,160.51,57.43,0.63,28.21,176.17
173.67,225.41,121.18,78.67,0.34,136.56,166.11
157.65,29.7,66.34,4.26,3.95,31.17,143.24
131.98,27.11,114.42,97.0,1.98,10.86,116.48
98.5,290.95,109.03,81.37,0.62,90.21,144.98
133.21,183.35,165.57,75.61,3.84,55.2,188.18
233.29,109.95,196.44,76.52,4.26,63.83,225.91
182.57,84.26,85.15,40.13,2.98,22.26,154.68
268.29,271.28,153.86,75.66,0.89,113.49,222.59
135.8,10.16,24.45,39.9,0.17,92.23,80.46
184.09,324.3,156.48,90.07,3.53,57.81,232.66
191.24,40.91,77.43,19.37,2.8,29.88,144.64
179.55,84.68,12.68,30.65,3.29,91.05,156.71
212.28,160.63,75.83,56.03,4.08,117.9,212.97
75.04,199.09,124.08,33.28,2.23,50.3,132.74
156.15,148.45,28.25,43.58,0.71,8.75,112.71
35.75,135.08,185.19,50.26,4.71,36.08,150.12
118.43,385.93,20.15,85.92,2.77,103.95,193.34
148.86,260.22,186.35,53.27,3.11,148.42,213.85
197.41,19.14,142.89,37.52,4.67,6.94,179.12
285.41,177.77,69.29,26.28,4.66,49.39,240.12
182.19,351.25,81.2,42.05,2.9,13.99,205.16
224.36,127.57,149.46,52.54,1.56,50.87,173.94
154.35,46.88,122.29,75.12,4.99,63.86,181.34
192.06,305.77,135.97,13.86,3.44,138.53,232.08
25.93,246.35,80.89,23.72,2.1,16.68,108.17
80.05,232.42,100.12,39.21,2.84,117.68,157.74
111.75,30.89,198.02,37.32,2.14,62.35,125.73
144.39,64.79,46.71,40.39,4.45,122.63,166.94
18.47,252.79,86.48,79.77,2.46,79.44,127.77
46.31,91.05,61.91,33.77,4.14,10.7,113.03
86.66,206.59,154.2,51.19,4.22,142.2,188.81
291.6,222.5,153.98,63.14,4.14,17.0,255.19
102.75,120.57,62.03,24.75,3.64,91.66,145.32
147.2,379.89,20.87,72.43,4.29,132.26,229.4
62.85,338.56,7.23,55.62,2.0,16.57,131.94
185.18,291.73,88.35,45.78,0.66,85.31,172.97
87.8,40.42,85.02,81.36,4.23,124.52,146.19
66.06,51.39,197.74,25.86,2.54,148.02,129.27
157.39,202.18,96.61,88.55,0.72,110.03,154.11
6.62,72.68,55.0,56.98,0.67,45.36,47.91
7.26,391.52,178.79,61.7,0.88,106.44,143.37
69.63,71.82,100.76,87.76,3.78,107.34,138.9
15.83,200.11,121.84,82.12,3.58,106.5,142.57
36.87,152.01,23.66,60.95,1.1,128.87,90.6
104.96,259.36,79.67,75.81,4.25,17.67,179.79
241.76,60.32,189.12,44.47,1.48,20.72,166.87
173.75,177.82,119.95,55.64,3.99,97.89,203.09
156.24,117.13,72.18,8.08,2.5,143.31,156.48
91.58,356.22,127.01,10.81,3.68,72.55,194.16
279.87,25.83,182.53,83.28,1.97,144.28,203.99
122.12,366.35,58.43,7.85,1.8,141.02,179.84
30.69,334.87,103.5,18.6,4.22,135.92,180.36
187.03,126.05,191.94,79.99,0.27,136.93,161.45
38.58,317.82,38.62,2.11,4.88,135.26,178.43
106.84,22.17,145.33,29.68,3.28,123.88,139.66
154.69,387.08,124.82,59.24,2.22,105.77,213.09
262.9,215.37,137.54,60.35,3.18,8.54,223.84
150.6,128.28,73.49,78.16,0.7,24.18,118.88
212.17,151.41,66.21,51.58,2.62,24.46,173.19
297.88,35.9,138.42,51.92,4.93,8.41,227.45
43.79,395.85,47.03,73.08,1.25,21.92,133.13
86.05,25.32,86.83,50.87,3.64,138.36,132.94
121.4,265.41,41.69,61.63,2.23,101.25,162.72
129.44,182.67,6.62,89.98,3.3,50.25,155.29
126.25,380.08,194.16,41.34,1.1,120.04,194.34
272.75,105.94,89.18,39.74,2.41,75.81,195.09
215.64,217.51,194.02,2.35,4.9,25.61,236.47
184.33,198.12,32.36,62.12,1.06,133.25,160.26
96.26,284.12,119.54,4.92,3.22,54.11,170.15
248.02,36.52,44.19,51.41,2.92,106.33,178.04
286.74,85.58,159.06,80.81,2.87,47.14,213.86
247.25,93.68,157.82,55.89,3.11,77.51,205.24
5.46,297.88,26.96,28.42,2.56,123.36,125.56
192.74,83.76,182.85,79.04,0.18,27.73,136.08
20.08,233.66,42.95,28.43,4.51,146.7,153.71
80.99,93.95,124.53,73.84,4.15,15.18,141.81
22.56,346.03,197.2,61.81,0.95,82.43,140.66
183.12,377.45,177.07,18.66,2.13,137.82,229.71
207.54,212.21,191.53,90.7,3.88,142.13,242.71
38.77,147.4,71.81,21.66,4.9,38.66,137.26
118.23,101.28,25.59,98.98,4.76,25.88,156.58
139.59,29.41,41.73,2.72,4.51,110.04,152.36
113.87,114.72,102.6,27.82,0.88,11.09,101.47
40.7,265.15,159.68,21.59,4.58,75.36,175.44
128.59,218.11,34.28,3.37,4.4,120.47,184.67
226.6,378.18,133.65,73.77,1.95,86.24,235.84
25.95,164.55,68.1,69.96,2.03,32.26,95.84
28.65,280.61,71.53,79.65,2.35,75.62,132.92
109.66,200.84,134.07,27.16,3.32,138.58,177.37
282.81,209.9,96.06,45.54,1.38,94.5,208.91
202.23,114.43,163.35,66.59,0.21,109.62,154.57
205.21,187.43,35.4,45.1,0.79,53.76,149.33
111.77,193.61,159.04,70.34,2.26,32.33,153.02
180.13,285.59,17.53,64.13,1.48,42.07,166.75
7.99,376.85,42.84,13.24,3.85,82.31,156.35
192.65,138.44,132.95,78.54,0.62,45.63,148.73
274.42,26.46,171.71,72.63,4.6,83.58,229.55
185.71,203.56,54.27,66.27,4.49,107.63,213.21
262.74,222.34,68.8,17.2,4.55,111.49,246.62
218.57,75.69,109.74,28.26,3.72,28.88,182.05
40.56,306.58,46.26,40.53,0.62,113.81,114.97
271.22,394.12,163.18,29.43,2.25,102.54,263.82
24.6,378.85,155.86,24.33,0.74,6.74,123.59
162.52,86.87,33.33,80.93,4.94,13.54,171.6
46.93,351.39,95.45,64.55,1.73,98.71,150.61
8.45,284.75,156.09,57.42,2.97,60.64,143.1
129.5,187.0,70.78,24.14,3.92,26.19,164.94
92.04,220.84,128.46,91.97,4.61,11.44,180.33
148.37,341.34,14.79,20.74,3.8,28.11,193.16
175.27,197.25,123.69,79.91,3.41,143.84,208.76
17.9,155.55,34.77,96.73,2.38,110.5,105.48
41.29,202.37,166.96,73.26,3.07,81.52,147.58
169.8,235.86,74.31,99.3,0.56,141.52,165.82
106.23,83.74,59.9,65.8,4.43,94.77,155.49
220.11,361.35,168.97,23.31,2.76,110.22,245.99
197.43,272.93,14.78,21.97,0.3,45.98,149.32
254.45,256.97,82.34,33.81,4.61,90.4,251.58
209.29,48.8,77.15,2.7,2.5,25.8,146.65
131.83,245.63,60.54,68.81,4.36,63.65,192.71
203.53,57.17,182.79,28.33,4.3,9.82,189.05
86.24,40.69,151.43,81.89,4.1,36.41,140.46
95.36,215.65,17.47,37.2,0.4,15.86,96.01
237.75,167.09,144.36,49.04,1.31,61.23,183.92
136.69,239.64,107.82,96.64,4.39,127.24,213.38
240.52,44.8,180.67,25.73,4.51,59.8,211.39
247.61,178.08,66.02,72.68,2.34,125.59,205.84
257.98,78.17,116.96,76.0,2.26,100.19,192.84
275.41,394.97,102.65,23.66,0.96,78.88,233.12
132.14,228.85,100.46,51.1,4.85,39.35,197.39
99.07,278.1,93.94,36.32,1.14,138.71,150.94
176.75,136.91,45.1,77.65,1.04,12.86,130.07
114.5,46.95,152.36,63.0,3.34,104.89,150.14
182.32,390.59,93.01,48.65,1.29,95.08,203.47
213.15,121.64,191.91,78.38,4.7,68.95,227.05
208.08,175.29,55.86,25.05,0.15,39.85,137.45
115.49,263.45,138.14,75.85,0.13,67.45,139.23
54.22,19.63,188.44,86.81,2.57,131.55,120.9
132.01,326.0,134.37,88.1,2.49,126.33,203.29
47.07,219.27,174.9,78.8,0.9,141.5,131.53
267.58,118.5,166.36,41.99,2.52,49.63,205.18
107.03,34.03,75.22,98.22,2.12,61.13,111.65
50.57,73.37,122.02,39.2,4.46,7.72,125.22
12.51,359.06,35.47,64.59,0.15,141.73,112.03
195.52,277.55,109.43,17.79,4.88,52.76,233.08
192.89,107.46,49.93,98.08,3.16,63.6,172.88
105.48,35.58,150.03,70.99,0.84,136.63,112.07
26.16,279.34,107.97,75.83,0.33,81.36,107.25
125.84,233.24,85.19,8.45,2.74,87.1,164.72
96.81,167.76,57.42,76.81,1.25,30.55,111.92
204.75,151.81,199.75,77.92,1.58,77.31,185.25
183.7,94.56,18.98,67.83,1.3,138.14,142.26
112.56,271.15,13.49,30.61,3.29,86.01,166.53
69.28,388.56,47.37,49.99,2.81,41.99,166.01
296.47,78.53,194.36,12.82,0.48,9.52,173.39
138.93,242.88,195.95,48.22,2.68,53.76,186.63
208.04,175.43,132.71,25.89,3.98,88.03,213.66
46.46,184.21,176.62,36.21,0.5,11.18,94.69
148.25,109.12,46.72,17.93,4.46,93.42,170.83
13.12,331.8,194.55,24.55,2.93,80.9,159.39
154.11,199.25,32.84,9.5,4.76,118.6,196.53
289.39,221.93,24.72,92.15,0.83,9.19,186.83
118.34,128.86,26.88,53.98,4.97,118.22,174.8
16.5,80.91,116.76,40.88,3.26,80.53,105.32
14.13,43.51,157.29,54.43,2.88,58.73,95.41
119.46,288.51,76.5,63.57,2.62,144.98,184.44
52.21,86.53,195.69,92.34,0.22,28.22,84.25
11.89,279.13,89.71,19.51,4.7,83.49,159.08
228.08,162.25,34.34,30.96,3.26,51.54,188.49
140.26,172.15,95.86,97.63,0.55,81.49,135.14
90.33,192.98,137.41,38.38,0.2,85.08,114.98
270.52,153.41,167.28,4.21,0.35,17.97,172.33
39.26,49.24,94.46,16.47,3.09,100.86,102.79
287.0,130.76,120.75,4.58,3.11,97.0,220.7
97.62,268.86,57.13,99.01,2.55,116.57,167.0
267.08,269.66,130.95,29.33,1.6,18.15,210.11
182.87,121.63,197.26,92.51,2.71,48.1,184.11
248.88,189.44,14.57,99.6,2.63,99.27,203.92
295.28,85.44,177.87,60.78,0.2,24.83,174.61
90.08,92.05,114.65,5.25,1.48,103.25,109.91
288.53,18.99,54.16,10.0,0.36,13.56,135.78
119.9,359.73,191.2,49.2,4.51,53.57,229.2
118.73,92.18,99.25,41.8,3.65,127.77,158.96
105.41,98.74,69.68,61.41,4.98,117.27,170.81
164.72,119.04,40.39,45.01,1.58,98.49,138.74
50.47,59.69,52.67,93.54,4.4,131.22,135.13
168.34,259.31,167.41,54.4,3.05,107.84,211.75
164.8,39.31,124.81,69.99,2.32,80.31,146.35
229.76,62.34,183.08,89.86,1.19,147.06,180.74
250.93,261.46,50.23,16.39,3.72,105.75,233.47
134.93,142.47,28.62,24.51,4.53,92.2,170.99
94.19,286.1,6.19,12.52,1.25,64.29,125.51
81.5,227.4,104.03,15.68,0.96,135.85,130.02
62.41,109.85,199.67,52.23,3.51,47.88,141.96
22.01,263.82,140.52,33.48,4.89,6.34,160.25
106.02,55.35,65.14,43.47,3.77,33.53,129.25
84.72,219.2,175.99,98.28,1.49,20.88,139.5
290.09,180.49,157.44,17.36,2.16,51.25,217.54
169.52,114.47,8.01,55.0,1.98,124.75,145.86
107.45,245.56,164.29,11.69,4.28,99.47,196.95
176.24,349.82,63.6,33.21,3.88,29.5,215.94
46.06,399.57,34.19,53.7,2.99,119.38,171.53
135.99,247.03,49.13,94.77,1.45,78.11,154.08
189.74,167.84,96.37,40.34,4.7,79.34,210.3
149.22,97.83,87.85,8.36,3.3,57.51,151.41
123.52,110.27,61.33,40.04,4.86,130.37,177.05
298.19,196.99,38.58,16.28,2.94,51.16,217.9
264.69,153.24,153.64,24.54,4.12,18.65,226.68
188.9,366.39,198.07,62.57,4.08,48.9,253.41
172.97,153.64,156.67,8.61,1.75,108.73,166.88
188.09,155.64,62.71,47.54,4.82,100.35,207.93
64.39,159.58,52.74,61.73,0.21,32.26,79.71
121.57,336.28,47.44,43.34,3.87,21.21,188.52
16.64,263.81,31.66,3.87,4.83,100.83,152.15
145.29,249.53,112.51,98.58,1.76,103.07,176.63
165.19,140.32,123.05,37.98,3.28,58.09,174.25
72.19,328.98,142.57,78.3,2.85,127.21,185.79
289.39,24.96,137.64,33.91,3.83,146.84,224.28
273.29,349.61,62.0,48.55,4.34,34.82,263.78
218.03,209.97,69.41,40.07,3.05,88.67,202.75
162.35,165.32,137.9,35.57,4.1,5.78,184.58
261.64,203.9,73.14,4.14,1.63,108.39,197.53
43.54,270.29,46.46,37.28,1.22,65.07,110.23
238.2,14.98,78.0,89.17,2.21,33.02,157.0
41.82,349.91,58.06,69.66,3.42,114.07,170.81
239.29,184.23,22.22,16.25,1.02,122.54,171.17
86.35,143.76,166.88,59.93,3.43,21.12,148.99
263.74,63.92,171.36,89.44,2.03,10.94,185.03
283.49,181.39,47.85,70.6,4.0,53.44,231.9
48.89,203.57,17.63,16.57,0.28,95.77,83.15
141.49,167.42,149.07,87.05,3.37,120.05,189.75
294.39,274.68,46.25,31.55,3.28,84.18,244.67
147.61,174.15,81.72,46.5,4.71,89.21,194.82
259.75,384.95,17.51,53.56,3.6,120.98,260.95
178.68,243.72,49.12,85.35,4.0,81.68,208.4
115.72,324.92,159.62,93.3,4.53,93.62,226.57
89.31,52.65,161.86,93.11,3.41,79.85,142.94
64.95,164.94,45.38,2.78,1.52,132.67,108.78
229.73,141.37,70.5,92.35,4.36,39.15,211.28
119.03,232.1,31.18,7.33,3.76,43.28,162.38
155.83,345.83,19.46,28.05,2.18,23.55,173.45
150.24,40.55,198.47,52.47,3.58,123.82,175.52
175.3,38.3,132.84,49.03,4.35,64.71,177.59
260.35,341.62,110.71,61.26,4.88,55.44,276.72
294.32,93.01,154.27,48.99,4.77,147.3,257.96
125.24,270.81,168.82,93.57,1.69,139.39,185.26
249.12,221.72,162.31,25.57,2.17,145.94,225.28
230.54,334.83,8.23,28.85,0.64,25.63,176.7
174.19,58.78,41.43,92.23,1.31,134.23,136.7
287.03,60.62,132.71,9.52,4.42,52.66,222.05
64.14,227.16,78.27,61.74,1.87,6.84,118.05
37.23,379.09,196.58,68.81,3.14,61.74,183.45
256.92,171.85,134.75,51.54,3.36,78.83,224.78
134.55,137.51,191.53,70.03,3.93,20.69,179.12
254.86,246.61,44.28,18.93,1.0,82.96,187.18
268.46,372.87,173.47,85.56,1.59,123.82,259.01
23.42,336.4,67.66,15.72,2.3,59.76,131.79
265.62,398.24,197.97,41.28,1.89,56.13,256.46
137.25,18.8,35.75,9.38,4.92,54.13,146.82
155.58,54.01,105.69,55.43,4.19,138.85,178.13
189.84,247.69,159.6,67.64,2.45,12.07,194.75
278.28,330.02,89.37,94.24,4.41,69.54,276.7
10.64,121.25,96.28,74.45,1.8,43.37,83.95
145.67,103.29,197.34,55.03,3.95,134.6,193.48
207.88,316.92,87.94,93.4,1.2,18.93,189.84
218.2,31.99,122.79,48.89,3.88,64.66,184.95
209.3,154.06,15.64,57.0,2.34,63.99,167.22
44.66,207.27,169.23,60.42,0.63,133.82,120.22
93.32,228.54,131.39,42.18,1.44,36.25,133.98
110.82,294.16,83.78,84.17,2.07,98.51,169.99
242.31,148.39,8.15,20.15,3.77,24.49,190.09
87.23,248.95,120.38,56.37,0.46,143.33,136.74
67.16,238.3,7.47,72.78,3.33,90.99,146.55
287.45,223.57,5.23,90.59,3.61,95.81,238.04
7.61,259.79,125.14,88.62,3.3,67.9,142.38
299.36,111.19,41.86,51.86,3.83,54.63,219.05
204.66,43.01,42.42,65.03,0.97,35.84,123.3
249.4,56.52,132.39,40.64,2.98,92.58,193.52
91.91,97.59,15.47,47.88,4.71,143.41,155.58
9.22,205.08,66.11,90.81,3.09,57.17,118.67
222.67,337.77,34.14,93.21,3.1,133.06,237.46
251.07,283.5,118.13,89.75,3.71,26.57,243.44
223.44,317.73,134.04,15.56,1.73,140.74,221.69
47.14,146.88,145.62,85.31,3.53,55.82,139.96
227.26,167.81,54.77,94.94,4.59,60.06,220.03
231.83,163.54,22.4,37.4,0.15,72.11,145.66
199.27,84.83,20.34,52.83,4.36,109.15,186.83
231.0,33.87,88.1,78.35,1.17,109.35,154.2
254.55,240.46,189.44,57.08,2.33,74.54,230.23
186.01,395.79,47.46,99.36,4.28,80.86,246.9
31.14,75.06,55.06,46.66,4.14,9.35,103.85
148.85,28.21,24.67,71.97,4.47,49.12,150.5
27.91,314.02,123.09,79.67,4.71,55.17,179.29
125.23,108.51,137.58,50.42,2.29,86.02,144.74
125.1,333.56,130.37,85.98,3.32,85.95,207.54
24.47,284.54,172.92,55.52,2.01,107.94,144.58
107.9,378.81,99.85,42.34,1.82,108.97,181.76
37.74,169.48,31.22,12.57,2.21,39.11,94.02
243.43,268.17,61.43,40.55,3.74,116.68,237.89
284.57,191.29,134.17,73.93,2.56,7.84,219.14
26.33,255.93,124.56,92.29,4.09,108.84,167.29
286.76,185.34,108.55,26.66,3.75,19.8,229.96
159.16,83.57,138.18,36.81,0.2,110.8,124.41
93.37,208.08,129.29,17.09,3.19,81.43,160.1
27.67,216.15,176.86,69.69,2.24,68.4,131.65
152.68,326.14,119.27,96.1,2.34,105.15,204.64
239.38,296.85,156.83,64.81,4.11,10.27,248.32
213.59,268.88,53.5,62.47,2.78,37.4,200.84
19.82,54.22,137.25,56.24,4.44,94.38,125.73
26.51,291.04,180.93,10.67,3.59,127.85,170.08
123.85,205.12,80.22,73.49,2.81,60.26,161.12
92.11,358.7,156.93,61.0,3.8,42.52,201.56
73.55,368.75,146.33,66.82,0.29,80.22,148.16
87.9,31.51,16.61,90.08,0.23,95.24,70.74
242.03,330.05,118.39,78.83,0.51,65.91,205.98
279.12,24.7,30.39,78.53,2.24,132.12,182.48
124.51,153.2,193.63,92.86,1.25,80.9,149.71
272.3,221.5,163.22,99.01,4.92,10.19,262.98
99.84,67.76,26.4,58.97,2.76,37.34,110.3
145.55,301.06,28.74,12.67,3.35,70.34,184.75
71.68,13.26,120.92,46.99,1.47,106.17,92.08
193.94,75.75,72.25,79.18,1.68,36.86,142.17
293.8,236.51,11.81,4.72,1.74,146.56,215.2
183.03,288.61,110.62,7.57,3.52,51.19,208.82
110.56,367.49,80.63,8.58,2.42,82.21,179.32
196.11,285.14,24.71,73.64,2.64,7.75,187.25
41.26,271.99,161.37,51.11,3.0,133.31,165.23
267.15,163.79,183.44,38.15,3.87,119.38,246.87
153.41,10.5,152.54,12.35,0.54,33.34,100.72
137.56,56.86,165.37,73.76,3.91,140.32,178.23
177.83,218.48,47.22,33.46,2.86,50.8,175.77
189.31,273.3,56.4,28.0,3.38,105.37,208.13
26.17,172.8,45.66,65.93,1.71,123.75,102.61
206.37,294.96,154.19,56.78,2.11,112.43,218.8
76.37,213.53,189.84,37.52,1.23,138.05,144.68
215.62,38.93,144.78,64.87,4.9,130.32,215.26
247.65,84.89,176.89,28.58,2.54,149.22,205.84
242.17,337.6,129.55,79.89,4.98,31.48,271.24
167.99,292.72,80.59,24.47,2.5,49.19,185.15
158.45,358.96,88.02,17.57,1.18,97.25,182.37
47.15,55.85,19.69,78.68,2.59,111.29,96.34
233.73,396.19,11.13,71.37,0.29,82.52,198.32
85.07,91.67,140.62,19.9,4.53,15.72,145.8
151.53,14.59,90.49,13.39,4.11,127.03,159.16
88.86,398.99,112.68,84.16,3.66,144.33,217.16
44.48,119.62,113.74,78.11,3.09,63.8,122.48
190.72,270.53,59.09,34.07,2.94,37.6,192.42
21.03,78.91,97.8,66.5,4.98,7.8,121.44
225.85,236.29,96.8,14.17,1.46,39.41,181.38
98.69,362.57,80.74,51.69,3.92,106.49,204.05
5.04,134.87,165.03,3.84,2.95,137.18,118.94
155.78,271.4,92.98,40.38,4.88,18.56,210.59
18.82,83.28,122.71,9.33,4.16,85.22,118.65
86.47,253.67,179.63,48.56,4.99,105.85,207.89
213.56,141.22,173.92,43.32,2.98,45.08,195.59
23.49,92.37,178.63,45.55,1.1,87.64,88.9
252.6,132.14,57.65,6.44,2.57,108.71,191.59
6.13,79.75,11.82,37.44,3.58,126.47,96.65
77.81,361.75,55.91,76.14,3.89,70.61,188.48
223.57,164.9,59.35,38.15,0.1,113.44,153.68
98.3,105.66,182.33,72.09,2.57,48.76,140.94
35.06,184.88,131.6,38.21,1.25,35.89,98.73
111.27,135.01,20.93,43.48,4.39,32.16,149.63
84.77,300.32,31.4,57.26,0.85,57.04,125.7
253.6,388.78,35.36,95.17,3.37,10.2,246.03
97.44,180.83,127.93,12.67,1.4,46.03,123.56
237.74,345.8,148.41,5.23,1.85,99.57,229.68
268.1,230.69,172.63,61.58,4.71,98.95,270.9
132.98,71.32,188.42,95.01,1.28,15.67,126.74
273.43,279.34,44.33,98.99,0.57,46.68,197.28
116.31,210.24,65.41,49.45,0.44,87.59,123.06
289.4,263.74,51.86,47.87,2.57,51.19,227.34
31.34,356.98,74.96,65.21,3.24,65.61,160.2
207.67,181.77,183.36,56.45,1.7,108.36,194.38
150.68,361.46,117.15,64.14,3.48,6.34,209.73
119.36,302.76,148.95,87.65,0.4,45.08,152.15
191.65,200.56,100.57,75.14,4.3,25.64,207.73
212.64,245.26,10.63,50.69,4.1,23.5,205.81
6.29,136.98,17.52,47.26,4.93,144.06,132.81
54.25,393.6,109.89,64.68,4.69,59.6,202.65
215.35,270.27,145.16,46.66,1.85,81.43,206.53
201.58,27.1,46.99,46.86,2.06,111.4,145.35
289.98,137.38,145.77,3.6,3.76,11.88,223.81
229.51,253.09,163.08,19.06,0.76,39.95,186.14
285.48,31.97,85.32,49.87,1.64,125.66,181.8
212.25,19.31,150.55,82.62,0.68,129.99,149.32
92.93,185.51,83.79,29.32,2.33,59.08,133.57
36.08,139.75,137.28,53.22,2.8,59.35,119.27
235.64,180.94,153.98,35.81,1.13,114.75,191.35
195.02,112.45,198.43,12.27,0.23,47.79,142.12
19.21,74.24,72.35,95.91,3.62,21.98,100.65
111.21,278.77,85.15,85.76,0.2,42.34,130.91
287.26,210.68,37.3,9.69,4.87,61.16,245.82
152.62,88.06,44.79,72.54,1.19,12.57,112.31
132.66,134.64,140.21,36.06,3.35,74.41,166.09
140.02,240.81,183.82,99.5,2.23,112.3,191.99
66.62,38.17,81.95,31.64,0.39,79.49,67.55
113.77,67.51,40.07,25.4,2.41,15.42,106.08
114.09,38.57,60.59,57.65,2.63,68.82,118.01
20.44,326.8,93.74,83.84,4.29,107.79,176.47
231.43,303.44,61.68,20.87,3.69,13.42,221.94
127.87,303.79,50.55,71.52,0.49,13.68,136.02
247.54,289.37,148.52,8.02,1.12,58.74,205.65
255.85,271.06,6.53,92.06,1.63,33.27,196.15
67.54,196.03,110.15,9.95,0.67,140.54,114.88
198.92,260.49,159.78,91.59,2.34,89.29,213.27
144.32,24.96,56.91,50.1,4.92,46.66,157.11
264.65,252.37,122.64,45.91,2.62,107.19,234.72
68.64,313.37,135.44,97.38,3.74,59.36,185.12
204.95,205.14,132.73,99.06,3.45,24.16,208.14
184.29,149.43,91.94,65.72,4.26,39.4,193.84
92.11,118.2,72.58,14.46,1.16,98.2,104.9
45.3,260.69,168.01,51.6,3.79,12.52,159.4
197.23,280.19,152.9,53.86,4.42,44.54,236.21
222.89,349.68,67.64,52.42,0.94,35.21,193.87
98.11,143.51,25.09,57.81,1.8,34.16,109.61
195.23,310.21,19.0,3.84,4.85,104.0,231.77
121.56,228.93,23.38,71.7,3.93,124.74,182.69
215.4,354.31,118.66,71.81,1.48,108.8,220.59
63.77,215.85,15.07,13.32,2.86,98.63,130.01
267.61,211.88,70.7,57.88,2.08,137.89,217.71
89.79,235.37,151.87,57.7,2.5,13.47,151.07
113.5,302.23,62.4,68.88,1.84,29.29,154.09
22.14,386.23,153.85,10.37,1.47,65.09,142.01
37.9,38.69,150.37,63.4,3.41,59.01,111.74
157.18,30.84,52.94,29.51,3.91,65.62,148.5
83.94,375.64,147.12,51.69,4.38,34.94,206.92
251.47,216.65,150.82,77.79,0.86,26.68,191.24
9.33,249.81,82.5,71.15,4.13,78.83,146.99
116.83,198.15,46.03,13.65,1.35,139.57,135.8
104.52,46.53,106.65,59.94,2.19,61.84,115.29
10.7,309.55,184.67,96.97,4.52,11.29,173.04
41.69,301.42,129.73,17.36,2.33,107.39,149.17
127.02,131.56,38.72,85.58,1.07,47.21,114.55
150.4,129.43,138.14,70.85,0.88,40.54,133.18
124.27,336.76,88.3,77.85,2.42,52.02,182.16
161.63,38.22,120.35,29.63,3.84,109.95,167.36
180.56,353.63,148.14,30.21,4.99,123.73,261.55
7.93,110.1,105.41,90.79,3.96,90.27,123.0
141.91,241.26,163.73,37.26,4.4,51.76,207.03
289.23,375.04,145.82,8.18,3.76,50.02,277.36
158.11,274.47,124.94,60.86,4.49,23.02,213.73
204.87,171.63,34.4,14.23,0.47,140.33,151.02
97.0,278.92,168.01,80.07,4.66,97.53,212.27
233.33,144.15,187.5,64.89,2.04,8.91,188.75
233.01,118.13,31.71,87.72,4.62,101.04,214.75
158.78,398.71,100.21,78.91,0.47,69.84,183.72
292.92,302.81,55.48,12.99,3.6,146.02,263.33
42.04,261.44,152.13,39.34,3.7,123.76,170.0
10.0,148.56,145.72,77.91,4.98,29.84,142.61
232.2,29.17,32.47,42.9,3.87,109.42,182.3
243.11,22.11,176.02,97.29,1.97,75.41,178.73
40.46,226.13,40.29,74.1,2.83,32.12,122.14
83.35,307.19,160.47,3.52,1.9,106.32,163.59
10.18,219.58,94.11,88.24,1.06,84.37,99.49
91.53,337.91,69.01,11.88,1.32,9.4,136.91
233.08,23.04,35.86,15.77,1.19,98.76,137.42
157.8,153.03,37.68,73.98,2.79,97.07,163.18
107.69,102.46,134.07,86.77,4.54,25.89,164.34
114.66,184.44,112.33,54.56,4.57,55.6,181.98
5.4,38.23,28.81,30.33,0.37,89.96,36.18
93.44,382.11,26.98,36.43,0.49,25.12,132.63
195.71,97.07,19.1,35.6,1.3,128.64,142.93
292.39,369.7,150.03,34.01,1.35,8.99,238.4
254.88,176.1,143.82,25.81,0.56,19.91,172.79
11.96,394.35,16.39,61.67,2.0,21.84,125.61
270.08,226.08,114.25,90.24,2.98,81.58,236.34
236.04,373.02,21.51,32.09,2.93,94.92,233.69
235.21,12.09,181.23,20.3,2.76,63.54,176.69
140.11,301.81,181.89,84.18,1.76,46.86,185.53
122.41,362.19,141.16,74.69,3.56,122.35,221.82
94.36,64.49,185.61,93.22,4.15,14.9,152.29
24.38,47.49,163.23,18.22,1.8,45.64,79.35
72.33,175.58,166.57,16.14,0.52,10.67,100.03
77.75,374.13,116.09,55.06,1.55,7.01,153.18
147.8,221.53,64.68,62.21,0.77,56.24,139.38
225.5,215.71,47.47,49.06,2.39,33.25,186.2
144.77,65.04,68.8,60.7,0.86,43.91,106.86
22.06,10.31,127.56,19.68,2.37,124.04,86.11
287.55,325.95,38.67,49.0,1.18,28.63,212.95
283.1,44.15,55.43,66.49,3.72,118.13,210.55
236.63,257.2,96.27,44.41,0.24,102.88,183.93
297.44,366.7,50.44,68.59,2.82,52.33,256.87
165.62,91.37,119.79,46.22,0.93,84.25,133.71
289.02,269.46,185.02,34.69,0.1,69.44,212.71
27.3,40.69,150.88,31.75,4.36,23.62,113.8
112.88,245.46,134.95,42.27,3.39,136.54,190.05
71.49,73.93,118.63,4.26,0.58,87.59,83.51
62.77,297.02,100.15,67.52,3.35,132.63,176.49
46.54,127.48,41.38,84.82,3.1,124.45,123.92
188.61,190.72,179.47,36.75,2.42,16.57,182.96
235.49,243.78,53.46,6.51,2.15,35.05,189.2
175.6,76.8,22.81,98.7,4.45,26.06,169.5
48.35,299.24,151.25,27.84,1.3,125.46,143.0
244.28,128.03,39.25,14.41,2.05,130.05,180.93
192.61,268.33,77.52,38.24,1.71,81.56,184.08
119.51,71.73,10.52,74.38,3.88,20.11,132.36
203.87,278.37,31.73,30.8,4.59,24.66,217.62
81.67,59.99,38.77,58.32,4.26,122.96,138.72
106.83,175.89,15.61,42.72,4.01,139.73,165.62
275.66,106.41,133.05,13.54,4.94,33.92,231.97
90.7,301.87,168.22,34.37,3.52,6.61,179.05
143.65,112.19,77.8,73.04,3.78,52.99,163.52
267.59,353.87,175.54,61.98,4.92,9.42,285.49
213.78,357.81,46.6,13.74,0.13,125.06,186.21
23.35,86.61,68.45,18.01,3.21,76.27,98.27
48.45,249.4,34.39,64.79,3.72,98.07,151.42
7.31,44.21,126.01,81.71,4.6,64.67,117.5
191.12,162.7,86.87,36.25,4.43,55.1,200.37
137.06,288.2,124.59,60.34,4.23,37.22,206.15
44.61,267.18,153.53,18.72,4.73,116.73,184.71
287.59,253.63,111.41,32.51,2.73,105.85,242.6
161.25,120.19,127.39,3.99,0.13,57.31,118.65
76.36,157.43,187.37,77.29,0.15,51.56,107.91
152.68,50.15,63.32,41.3,2.77,5.18,127.04
205.49,290.42,75.04,81.98,2.23,14.22,195.36
27.49,206.52,144.95,71.42,2.31,95.37,130.16
86.04,286.42,124.2,83.22,2.06,79.62,161.52
243.05,107.09,39.81,29.99,4.6,68.05,206.77
140.6,136.53,78.35,20.14,1.86,124.99,143.96
166.24,140.34,96.23,97.25,4.3,78.07,194.87
132.68,20.04,86.78,72.3,4.52,60.75,154.3
17.95,143.01,39.76,83.74,2.55,28.38,92.59
53.9,323.29,185.26,3.29,2.29,124.0,167.28
136.43,359.95,153.65,36.74,3.83,88.56,224.0
66.71,212.11,98.86,74.8,3.57,18.41,147.71
19.74,187.65,137.61,9.64,1.71,99.09,107.54
253.88,22.02,179.97,57.6,0.6,66.64,157.74
294.45,352.89,31.55,44.05,1.4,122.65,236.86
238.98,15.07,53.82,3.73,0.74,138.24,138.92
256.87,378.45,110.83,25.13,1.54,92.07,234.55
76.38,200.79,160.81,29.91,1.38,111.08,135.23
288.38,143.35,12.07,12.96,3.22,13.21,197.48
63.09,370.45,196.88,63.89,4.78,86.24,219.84
285.67,19.51,93.71,25.75,3.46,114.52,203.88
298.47,236.76,75.05,29.21,4.64,77.03,262.08
214.96,224.08,62.08,90.03,3.94,91.06,221.91
294.44,95.53,39.0,47.78,3.67,135.35,222.81
173.01,177.27,159.36,40.43,2.13,33.72,169.6
81.56,264.38,191.31,72.94,1.69,19.25,149.75
133.91,293.58,85.66,91.14,4.25,105.14,213.72
180.1,10.28,190.72,4.45,4.54,124.31,189.84
26.56,375.37,165.64,45.93,2.31,128.32,169.1
188.59,74.16,98.8,61.86,0.14,98.04,128.15
294.45,101.1,136.44,33.22,3.98,125.82,240.41
61.08,112.75,89.82,77.7,1.5,106.6,106.67
238.82,24.75,113.95,97.2,0.15,17.67,132.17
272.83,57.99,16.32,94.46,4.04,115.5,210.61
283.39,394.68,140.77,28.07,2.64,31.01,260.4
288.24,132.93,15.3,24.18,3.46,39.31,204.36
158.83,54.97,164.33,95.83,4.58,62.22,186.82
293.31,51.73,165.86,46.95,2.75,50.61,206.11
228.41,290.59,51.23,22.41,2.57,51.64,205.64
52.69,343.28,68.11,71.29,1.52,29.54,134.37
145.69,110.21,98.86,29.87,1.6,47.61,129.21
216.91,18.15,121.35,28.19,4.0,7.85,172.64
77.97,97.01,61.03,88.17,2.3,73.57,114.1
193.98,32.04,120.53,17.92,0.9,116.45,134.86
201.65,50.32,63.07,8.31,0.56,130.03,128.97
53.0,178.29,15.82,28.38,2.42,123.96,116.92
171.7,99.67,5.49,61.48,2.38,65.39,141.07
232.63,211.22,24.72,14.06,3.3,110.91,206.58
152.17,108.86,159.49,48.22,2.41,46.74,154.52
8.57,376.81,192.48,63.48,0.8,13.06,128.01
7.67,363.32,88.26,85.18,2.59,103.02,151.76
110.32,231.05,104.97,24.53,4.54,99.08,191.55
278.23,148.23,33.64,82.1,0.88,121.24,185.6
72.46,158.65,112.45,25.02,3.48,94.34,146.43
192.14,170.62,33.21,68.32,3.01,27.75,172.1
70.51,293.76,124.19,44.21,3.77,128.71,185.83
99.89,186.14,186.99,13.24,0.84,95.95,133.52
255.17,344.12,43.16,72.0,4.71,122.1,273.59
220.01,378.2,154.09,23.34,3.14,117.25,253.82
33.14,141.02,9.58,19.31,4.25,48.19,115.82
131.47,228.67,78.22,37.12,1.31,15.81,135.76
13.61,47.07,26.6,66.02,3.72,30.59,85.88
146.86,88.18,73.73,24.93,3.93,18.47,151.61
200.42,171.25,38.84,20.0,2.05,40.29,159.0
39.96,90.42,77.79,2.98,1.98,71.63,86.5
90.22,351.86,86.42,48.22,3.32,136.49,194.57
122.36,71.73,63.62,44.01,0.56,131.44,105.32
276.26,187.71,133.04,24.92,3.7,109.2,242.44
298.01,246.22,184.18,7.26,0.31,8.5,202.73
18.25,279.83,83.12,44.07,1.03,54.5,103.82
229.5,159.4,42.51,79.24,3.35,103.94,203.88
114.66,348.95,57.79,72.1,0.58,23.71,143.81
120.78,231.64,171.53,86.36,4.86,121.16,220.11
227.51,181.41,116.47,2.94,4.36,137.61,231.02
275.94,36.22,93.73,96.71,3.17,56.35,197.33
285.52,191.23,34.18,35.46,4.11,107.35,238.93
175.25,330.09,92.7,99.06,4.45,26.49,230.64
110.35,249.67,59.31,26.76,1.37,105.17,141.99
237.33,334.54,188.92,48.21,4.26,8.11,260.15
79.05,202.66,177.39,36.68,1.05,26.86,122.28
171.4,56.2,21.36,36.86,2.13,107.93,134.76
110.78,15.32,105.75,84.54,2.84,108.22,130.46
198.71,128.26,48.89,75.15,3.6,97.97,188.65
75.92,282.22,85.1,99.23,0.25,74.22,124.35
61.52,318.2,175.99,62.12,1.52,102.86,159.14
275.88,125.34,107.87,47.4,3.08,117.2,220.15
35.03,203.31,70.17,10.83,1.85,145.14,115.82
154.26,174.24,45.54,99.66,3.9,133.85,191.89
70.15,170.1,161.06,56.05,3.29,120.21,159.27
16.48,100.23,126.78,70.65,1.25,105.74,87.31
15.63,63.18,96.27,41.86,0.82,88.25,62.98
56.69,86.71,47.41,55.68,3.18,22.49,103.81
260.7,31.58,70.18,94.37,2.31,29.01,169.52
88.33,87.27,192.17,18.31,0.93,123.94,115.95
285.39,13.59,106.42,30.65,1.7,121.48,179.61
176.58,254.63,83.14,16.9,1.58,94.1,173.61
133.8,133.39,106.68,79.64,0.63,68.63,123.91
176.13,389.53,156.9,8.08,2.78,8.77,215.71
157.43,85.55,71.32,10.0,3.84,52.44,157.27
228.84,144.87,39.85,31.25,2.92,65.99,183.31
88.34,149.56,119.06,52.39,4.15,75.44,161.89
109.15,13.3,134.71,41.81,0.73,139.75,102.55
268.76,337.29,143.98,6.39,2.23,20.76,233.83
284.2,22.48,176.99,95.83,3.09,80.24,212.64
268.3,376.67,77.38,95.38,3.41,58.35,263.74
128.74,357.91,19.69,29.38,3.51,148.56,203.89
235.21,218.85,191.88,73.69,3.67,129.97,248.58
145.52,222.0,89.83,58.7,3.29,68.62,181.63
151.77,264.97,126.54,25.27,0.56,149.96,166.13
65.38,160.95,134.93,27.69,3.51,79.54,145.89
179.38,262.42,111.57,50.13,3.65,29.23,205.14
59.91,27.46,45.03,43.09,4.97,85.6,127.88
102.81,31.08,152.25,30.54,3.5,37.8,131.36
257.23,188.32,161.73,81.14,3.47,97.27,239.5
66.09,224.35,112.83,49.18,2.62,140.93,153.63
25.99,356.25,100.27,66.18,4.35,119.0,186.45
25.36,50.82,27.22,20.55,4.98,44.61,107.9
282.53,330.83,21.37,54.28,3.92,48.04,253.78
154.54,91.92,71.22,33.16,3.1,15.05,142.97
125.78,163.69,65.62,53.59,0.49,46.45,112.52
244.21,133.47,190.96,78.52,3.66,18.43,218.56
251.57,166.06,157.81,77.35,3.57,77.42,230.44
103.0,68.69,133.69,36.71,3.9,107.71,153.32
209.62,206.39,105.94,70.04,0.71,113.92,175.76
232.48,322.64,37.64,94.25,3.3,13.63,224.18
198.12,182.2,195.8,63.32,1.55,54.29,182.77
49.72,201.34,78.13,16.54,3.83,46.78,137.93
263.39,341.02,25.85,68.61,1.28,20.12,206.48
164.03,285.36,101.29,12.28,3.45,57.56,199.51
88.33,201.28,175.43,87.47,1.55,48.4,141.09
130.44,110.5,178.02,52.63,0.14,97.0,122.96
16.08,355.12,7.14,39.74,3.2,133.08,150.52
42.72,235.04,177.83,7.59,0.66,70.95,112.0
230.84,96.25,57.94,39.32,3.33,113.27,191.15
5.0,114.96,12.6,90.51,4.64,26.17,109.39
127.89,323.22,170.32,4.06,4.85,134.77,234.71
159.14,27.22,173.45,48.52,1.26,27.13,122.88
21.12,396.92,121.27,93.25,4.07,32.85,181.25
292.06,60.84,117.01,40.69,1.83,20.44,181.16
71.71,320.47,163.56,43.96,4.51,49.9,196.88
94.74,163.96,158.33,58.7,3.96,85.1,172.45
94.66,201.96,178.57,47.37,0.46,148.26,138.95
72.97,353.45,112.79,18.52,2.09,120.04,168.08
5.43,171.04,193.69,3.82,1.75,60.16,101.13
220.16,219.62,199.25,61.76,3.95,88.5,240.54
290.22,29.23,27.73,92.24,2.11,95.38,181.28
71.17,10.92,170.66,12.42,3.45,124.3,127.95
200.6,105.47,102.47,22.67,3.05,111.79,181.52
223.86,275.43,80.58,38.28,4.88,87.55,246.89
255.29,57.29,124.55,81.26,4.7,102.03,226.11
129.68,54.37,15.91,28.39,2.2,113.16,117.88
94.36,170.27,103.76,88.44,3.65,24.31,154.54
100.96,262.66,174.82,7.39,4.16,34.07,187.45
215.22,287.71,46.62,94.21,4.5,104.84,243.34
245.95,79.6,88.15,56.95,0.43,128.31,158.97
58.58,41.04,188.2,66.56,1.58,64.34,99.88
114.43,376.75,88.57,38.03,1.67,147.08,185.31
271.07,111.66,74.88,78.64,2.23,36.33,188.74
242.97,342.81,90.9,18.32,0.93,65.42,204.97
295.53,346.76,106.29,6.79,2.53,59.89,251.14
227.5,311.28,128.24,40.76,3.35,139.89,247.8
120.99,75.85,161.14,85.66,2.54,46.38,141.32
179.24,330.5,93.16,75.98,3.36,73.26,220.79
200.0,310.01,164.41,52.68,0.43,32.15,183.14
28.14,242.72,109.08,58.07,4.39,80.58,159.94
165.63,141.51,71.0,14.73,4.7,129.32,196.6
214.25,112.38,133.3,84.39,3.13,49.09,190.89
54.36,57.54,144.96,79.12,4.42,122.56,147.57
235.29,208.81,113.82,66.33,0.74,137.14,191.31
177.21,238.25,16.04,47.69,4.01,15.58,188.16
285.91,150.14,38.13,96.52,0.68,114.68,187.22
17.51,195.39,60.63,88.15,2.1,42.02,101.79
83.27,151.77,60.11,65.15,1.69,30.42,109.06
182.46,259.99,136.32,38.44,2.97,92.16,207.64
92.49,361.49,8.58,62.57,1.58,107.31,156.59
215.76,73.93,152.36,58.39,3.22,62.24,187.46
228.91,158.75,56.74,40.64,1.9,10.68,165.99
35.24,64.94,65.45,32.05,4.32,136.76,125.39
156.59,253.73,107.94,41.89,3.21,110.96,198.49
155.12,294.26,47.11,58.24,1.15,44.39,157.77
113.94,373.45,177.47,43.96,1.75,77.05,189.04
280.21,118.76,21.65,27.83,4.25,9.03,207.01
249.11,380.58,91.65,76.57,1.99,54.2,235.2
210.68,34.67,170.64,54.08,2.73,80.77,175.21
215.73,245.18,125.09,8.63,3.28,80.0,216.15
141.21,32.28,62.0,38.1,1.8,35.19,108.39
276.69,358.57,87.05,88.72,1.54,117.63,245.07
209.91,216.63,142.81,76.01,2.43,48.34,199.99
220.05,271.05,194.79,33.68,1.15,89.16,205.48
259.2,334.31,179.16,93.94,1.49,44.37,235.86
85.85,68.62,71.77,9.51,0.4,66.65,75.84
243.09,25.05,199.65,96.2,1.59,35.09,170.92
62.6,352.76,5.68,26.08,1.67,96.79,138.64
106.88,132.82,10.39,2.89,4.81,66.71,153.36
104.01,60.3,165.65,44.51,2.99,7.34,128.91
293.67,192.7,43.9,37.18,3.96,9.08,227.04
257.68,243.34,16.85,54.83,0.32,73.31,175.58
211.85,22.08,51.24,80.08,0.62,31.57,118.91
219.48,117.21,88.09,84.56,4.09,89.83,207.75
170.81,22.79,147.46,41.32,3.16,64.19,156.09
284.39,173.93,126.75,44.12,1.04,99.89,202.49
151.4,359.09,51.34,16.52,2.08,143.1,194.45
117.25,393.23,103.14,6.66,2.74,81.67,195.03
53.1,258.45,185.61,64.84,4.23,119.17,188.63
236.93,73.04,163.93,8.31,0.4,114.19,157.87
221.66,363.28,68.02,73.92,3.02,138.66,245.07
118.38,211.34,196.54,54.83,3.61,36.03,184.19
12.43,69.96,143.18,21.46,4.89,124.96,134.71
252.5,369.47,17.18,54.87,4.06,136.3,264.23
8.37,305.41,11.86,19.93,1.45,61.95,99.3
212.59,295.37,37.84,45.0,3.58,50.5,215.51
291.23,286.58,146.93,80.36,3.84,143.05,282.94
134.11,88.13,40.83,47.27,3.68,96.01,151.66
74.32,92.29,104.74,16.57,4.12,60.2,136.36
212.94,278.43,23.19,72.94,4.53,119.82,237.53
246.05,95.69,184.57,20.3,0.58,49.15,163.38
166.2,181.08,72.07,74.38,0.61,30.58,134.73
290.28,314.98,182.09,48.98,4.0,83.88,283.93
20.24,315.74,189.25,46.47,1.34,87.1,137.39
153.91,186.77,6.2,85.44,0.39,124.73,132.91
216.94,318.95,95.51,71.44,2.07,71.27,213.72
259.48,337.06,9.81,5.23,4.12,123.12,253.43
57.88,265.36,182.2,31.03,0.72,50.14,124.98
241.0,99.09,106.09,87.35,3.39,88.43,205.01
168.05,116.86,19.61,3.8,0.12,35.23,100.96
121.98,132.79,26.5,55.43,0.64,60.89,103.57
43.86,55.55,79.78,73.33,1.82,129.34,94.64
260.26,116.53,188.35,62.94,0.51,36.32,175.05
51.4,91.71,140.12,76.53,4.24,122.48,149.62
96.39,187.58,174.19,73.12,4.33,46.02,181.42
90.56,364.29,76.46,69.82,3.8,10.0,186.07
262.07,50.75,13.43,82.51,1.29,20.94,147.7
203.45,290.9,194.99,65.28,2.66,113.15,232.27
240.02,278.04,8.35,41.44,1.0,43.0,178.5
78.89,47.34,189.79,48.25,1.48,99.85,111.47
189.34,369.8,76.89,72.24,2.63,106.38,223.84
173.67,231.7,6.97,87.88,3.7,55.04,189.42
250.68,151.85,139.39,28.68,0.56,73.86,173.96
272.3,305.05,196.21,35.52,1.55,63.55,235.75
8.59,110.37,193.3,93.21,4.64,142.37,154.79
203.84,280.47,36.38,58.69,2.2,51.39,189.7
20.29,25.49,40.34,19.54,4.7,31.58,96.46
166.91,337.37,115.28,67.04,4.96,58.01,241.3
89.85,184.79,129.27,99.09,2.68,102.08,157.72
95.5,258.31,149.19,82.7,1.51,106.12,159.1
109.12,96.28,40.3,75.08,3.97,138.99,156.93
188.28,274.06,192.01,22.39,0.88,132.85,194.3
103.54,311.17,129.55,87.86,1.34,46.81,158.92
221.15,194.55,170.17,53.53,3.95,71.0,228.09
124.34,250.91,110.31,89.15,2.22,113.35,175.75
25.16,187.97,85.78,34.32,1.09,137.9,100.96
236.21,358.7,195.55,8.08,3.29,53.89,253.8
89.3,204.17,118.51,48.65,3.69,69.44,164.97
132.67,338.31,174.04,28.44,0.71,135.42,180.68
207.21,322.53,190.89,72.09,1.46,56.98,213.64
103.07,170.1,136.69,95.8,1.18,74.67,134.3
21.69,99.73,112.04,69.72,1.96,136.15,102.24
115.31,168.37,5.68,88.92,3.84,121.33,165.35
283.61,332.22,12.8,46.4,3.6,40.3,246.45
194.31,98.78,44.17,77.62,3.35,52.1,169.88
203.09,214.53,41.27,84.62,0.13,56.18,149.18
191.52,324.38,54.68,71.67,0.8,137.35,189.4
63.7,147.86,64.46,51.76,1.19,149.85,110.29
128.41,260.46,75.21,63.33,1.43,117.23,160.14
226.53,105.8,87.0,70.65,0.82,75.23,155.43
34.91,52.62,24.28,26.8,2.11,6.48,63.44
86.97,319.81,13.26,81.34,0.47,106.14,131.82
86.51,48.6,136.42,95.13,3.78,61.46,140.15
132.45,115.84,109.78,47.59,3.96,96.78,171.29
294.21,343.49,91.61,70.7,2.91,92.97,264.85
24.91,145.12,128.72,74.23,0.54,74.72,85.02
158.02,389.49,166.4,66.9,4.46,141.94,260.97
57.91,392.1,88.4,55.62,4.83,8.36,194.13
291.35,114.63,130.02,88.4,1.09,108.26,200.42
38.42,25.98,190.95,45.99,3.55,64.43,116.76
124.06,284.97,168.73,7.99,4.23,108.5,212.39
222.68,185.88,88.07,84.77,2.75,102.91,204.55
212.84,49.29,130.72,68.05,1.68,6.48,147.65
129.7,285.93,39.53,85.23,2.44,46.37,167.15
107.22,22.16,114.3,15.58,2.61,32.42,110.04
122.3,349.38,196.36,5.01,2.06,29.21,184.08
82.96,64.07,106.07,93.57,4.66,110.63,157.7
65.57,59.65,185.89,16.48,3.75,39.73,129.83
147.5,78.51,84.43,81.35,1.28,73.84,125.81
84.22,384.5,199.77,82.67,2.97,40.81,199.48
89.8,280.34,117.95,71.45,3.47,89.13,182.31
198.74,322.53,13.24,14.86,0.79,109.48,175.7
290.72,165.08,119.42,67.41,1.86,53.01,209.75
183.07,141.16,58.54,89.13,4.54,92.44,201.08
27.71,101.45,11.33,43.7,2.88,124.6,99.32
27.3,197.45,165.07,42.52,1.16,18.66,99.67
285.67,225.21,58.77,45.4,0.7,108.05,199.4
92.7,256.39,160.33,10.06,2.64,51.86,160.78
32.16,110.28,61.2,89.42,2.78,22.78,98.21
181.72,379.98,42.89,87.18,1.74,84.12,202.53
188.98,76.21,194.92,99.8,3.19,37.81,183.56
196.31,386.6,75.52,59.35,0.44,124.1,198.27
83.88,15.79,122.27,75.62,0.81,11.22,76.46
9.46,197.64,123.95,21.86,2.78,19.3,108.64
289.68,140.01,114.29,67.42,0.4,80.54,185.89
79.01,185.16,183.37,65.67,4.42,90.4,182.52
204.43,232.56,136.52,90.32,0.8,110.83,186.36
213.46,179.88,83.73,83.42,3.4,42.59,199.68
184.95,171.79,173.16,93.97,2.02,127.06,193.02
97.31,295.76,40.31,87.15,2.06,143.21,165.2
84.97,277.49,111.13,87.13,3.85,77.36,184.19
181.31,334.98,190.36,8.24,2.55,115.28,224.4
260.5,107.48,126.95,84.9,3.66,81.1,220.23
284.29,247.72,164.31,61.53,2.58,15.07,234.95
36.24,238.23,132.44,39.28,3.01,52.29,138.86
50.67,154.2,168.68,7.54,3.83,17.69,137.23
283.7,199.56,189.18,68.41,3.08,148.39,257.0
222.28,132.38,58.22,34.16,3.12,38.21,180.01
265.48,65.32,38.08,47.84,3.97,97.21,203.84
64.78,93.38,99.38,68.81,4.75,46.23,144.57
178.34,51.15,141.86,91.35,1.95,99.72,156.13
211.84,276.4,49.3,82.89,2.93,35.51,204.94
205.63,267.68,5.8,46.16,0.52,118.86,166.95
125.4,380.74,71.87,40.0,1.86,21.07,172.12
9.54,294.57,193.93,25.5,2.12,134.8,146.38
176.96,30.3,140.52,38.5,4.19,126.86,183.69
79.66,354.86,83.26,12.88,2.62,103.43,171.36
137.83,346.44,42.55,97.17,3.68,14.78,197.97
287.49,182.89,74.44,58.24,0.19,35.24,176.75
122.72,238.49,38.12,14.52,2.38,129.61,159.04
252.74,390.67,25.73,36.57,4.52,22.69,257.9
60.62,217.6,181.81,55.61,1.2,27.61,122.73
203.38,363.08,199.54,54.22,0.25,83.88,205.72
293.22,42.39,37.0,5.48,2.22,44.76,171.93
35.06,84.51,15.63,95.18,3.55,37.2,101.64
7.45,181.89,69.3,28.99,2.33,88.49,100.83
132.91,238.06,95.02,3.59,2.35,59.02,159.55
32.32,328.33,44.94,9.49,3.38,25.38,140.82
225.77,395.42,63.78,58.86,1.35,82.55,217.43
274.79,161.65,44.17,15.5,3.78,61.12,216.35
133.04,28.49,155.98,6.09,0.85,111.5,112.4
81.32,322.46,143.95,39.2,2.04,19.9,156.11
133.15,245.71,128.82,63.03,3.31,94.99,191.99
218.42,87.43,80.51,12.96,4.16,68.29,190.85
7.67,202.98,182.26,32.71,3.98,63.88,143.53
178.89,299.5,194.06,42.94,3.64,38.68,225.2
185.92,310.46,38.86,17.63,1.86,9.41,173.36
193.12,204.85,48.49,51.6,0.7,127.91,160.33
76.4,129.03,107.5,10.35,1.16,52.33,98.81
215.65,389.76,22.79,6.56,4.34,103.76,248.91
31.96,268.71,90.11,52.94,4.3,142.4,171.21
63.78,169.21,118.45,26.29,4.76,86.92,164.23
263.85,119.38,106.8,11.35,0.47,62.59,163.05
222.92,295.13,69.53,43.54,2.73,43.9,210.52
9.05,104.45,110.78,91.68,3.28,140.44,120.54
78.27,76.97,191.97,72.97,3.58,103.9,152.11
68.25,216.64,45.17,81.93,3.25,101.47,149.64
84.89,123.1,132.69,87.45,3.87,66.79,155.34
78.03,255.27,13.46,97.32,1.86,127.53,141.07
23.45,56.0,17.95,76.8,0.98,108.48,61.91
140.39,265.43,112.61,61.62,1.1,46.06,155.74
221.16,120.49,25.46,37.81,0.16,91.94,136.33
183.99,10.09,9.36,19.8,1.82,67.38,116.35
203.5,59.51,38.45,69.29,0.55,5.96,115.13
28.94,374.11,115.15,99.51,1.68,122.11,157.07
285.69,348.27,142.15,47.8,3.18,22.81,261.13
252.36,101.11,44.48,72.92,4.48,78.94,214.21
242.5,313.57,135.31,50.52,4.21,53.75,256.34
247.78,247.34,40.58,44.33,1.34,54.6,187.36
280.15,388.65,124.62,42.21,0.76,74.22,235.19
165.55,155.71,85.33,51.45,1.05,149.57,153.43
64.08,275.77,132.49,37.96,4.86,64.22,186.96
186.95,34.78,199.04,75.38,2.79,31.44,165.73
224.15,164.54,187.87,87.68,0.99,93.97,188.53
222.69,385.89,5.83,88.52,4.22,39.26,245.16
158.83,220.2,177.66,24.31,2.04,20.3,170.24
25.2,122.27,17.97,89.8,4.51,12.28,115.64
114.48,56.91,190.84,35.47,1.38,8.32,111.25
276.63,284.38,59.96,32.31,2.03,67.52,220.28
177.41,261.49,79.5,73.22,2.57,66.88,191.16
163.81,155.84,22.87,31.86,4.47,31.9,175.2
84.31,380.87,26.89,7.19,4.36,118.68,197.81
113.69,18.66,146.71,38.61,2.91,23.74,122.35
269.13,128.45,189.14,72.7,1.19,137.72,207.44
201.61,369.22,124.1,34.04,2.08,90.2,221.18
237.28,135.16,144.59,63.7,4.88,9.0,224.56
139.03,108.38,153.58,66.69,3.08,144.63,174.86
190.92,218.35,56.25,73.91,3.93,49.65,202.22
78.27,331.28,13.82,89.92,2.3,70.25,153.73
213.11,50.23,5.37,44.39,2.71,46.22,148.07
131.14,377.78,73.38,18.31,2.2,110.62,190.47
135.55,320.08,52.09,33.25,3.54,75.42,193.85
196.55,80.69,17.15,44.35,4.27,24.19,169.48
281.2,287.68,40.01,71.96,2.59,20.11,225.02
23.88,160.13,29.28,3.29,2.46,110.18,99.67
248.3,166.89,183.4,32.95,1.77,39.38,195.92
91.25,315.48,32.35,78.42,0.97,24.98,130.56
135.96,385.49,109.84,67.74,4.7,77.42,236.88
11.46,59.4,120.66,73.71,1.65,121.4,84.88
93.81,174.05,110.98,81.56,4.02,45.42,164.3
153.28,197.57,24.32,78.76,3.61,45.08,173.19
21.57,156.76,67.17,68.85,3.98,125.91,135.46
149.87,151.64,15.0,45.09,4.69,26.44,171.35
278.5,30.38,82.16,98.39,3.15,94.43,201.12
36.09,277.36,41.78,57.77,4.5,143.48,170.97
230.51,180.12,114.52,21.87,0.92,126.99,180.47
125.85,85.97,140.1,30.7,3.17,13.96,141.28
198.28,328.25,108.76,69.97,3.88,51.39,234.24
81.77,323.0,89.68,92.62,1.43,25.64,145.33
52.05,199.69,80.53,19.51,3.73,142.64,152.13
52.34,126.4,169.13,10.07,3.91,147.96,153.5
25.8,258.86,47.78,88.39,4.17,39.07,146.55
59.77,122.38,148.17,91.7,1.63,102.11,119.59
200.94,102.04,152.71,29.09,3.44,127.04,197.25
265.1,294.9,86.74,38.97,1.59,38.88,211.62
245.17,25.73,62.97,66.7,3.72,32.21,179.98
207.11,46.96,96.76,34.33,2.37,6.63,146.71
37.58,12.65,23.18,87.96,3.03,64.73,84.96
90.31,69.65,13.96,12.54,2.14,135.42,105.78
96.39,36.91,26.76,5.72,0.89,135.93,84.32
78.74,398.36,41.49,22.43,0.97,23.52,137.75
156.93,122.64,103.31,30.04,0.48,34.63,118.19
162.99,68.21,170.58,13.07,3.13,64.17,162.29
110.28,103.99,50.95,8.44,4.26,118.19,155.0
109.37,375.09,187.36,76.05,0.2,93.72,171.56
249.42,212.86,191.21,18.1,0.42,79.51,191.13
237.84,152.28,191.99,91.56,2.34,90.83,212.3
95.8,350.62,168.32,38.06,3.71,18.95,196.06
274.57,164.05,75.95,67.72,0.87,74.26,185.03
286.08,140.65,19.17,24.09,1.43,148.85,191.64
101.39,90.84,115.92,25.55,1.24,17.82,99.89
109.56,157.34,113.94,58.32,2.06,80.29,141.09
154.16,133.51,170.75,56.94,1.2,47.87,144.89
282.63,274.15,199.22,77.34,1.83,83.29,245.41
263.51,122.94,104.09,76.27,3.67,88.2,221.51
35.26,235.11,72.31,67.73,3.09,88.73,138.46
120.86,35.7,41.25,46.01,0.5,128.57,93.02
168.24,84.6,5.94,89.28,3.22,61.51,151.64
153.42,168.89,104.28,63.01,2.44,79.87,165.64
62.19,375.41,113.33,99.04,4.68,6.58,198.04
258.35,157.13,165.86,82.3,1.52,119.48,208.56
204.7,268.99,103.39,6.34,3.66,42.63,213.09
252.18,109.48,183.71,33.42,3.68,123.4,227.4
258.34,59.54,127.48,58.04,1.19,43.52,164.48
225.76,32.83,168.87,72.7,4.53,6.56,198.34
134.57,129.11,33.92,55.93,2.51,27.45,132.05
185.11,71.49,171.79,79.04,3.43,147.92,195.6
52.31,77.86,136.65,29.7,0.81,51.37,79.89
203.73,306.7,38.2,20.02,1.36,20.78,174.13
57.88,16.18,42.0,7.28,2.97,22.22,81.33
209.72,227.55,185.67,58.18,1.66,50.0,195.51
72.73,157.99,11.28,69.48,2.55,10.46,109.13
39.68,207.55,95.19,33.96,1.93,79.17,115.92
53.76,229.5,66.13,62.13,3.24,35.99,137.52
5.59,132.21,134.69,7.11,2.49,80.3,98.94
217.03,125.09,168.73,11.73,0.12,25.41,143.96
221.06,296.03,75.27,70.77,3.28,67.33,225.35
156.91,349.8,88.25,38.07,2.17,91.7,196.05
52.6,85.11,196.47,67.79,1.77,13.99,103.03
29.65,48.07,157.86,83.51,0.56,62.82,71.35
10.64,360.14,179.95,85.56,1.18,48.87,136.86
53.9,146.46,90.56,18.87,1.2,39.85,90.25
267.8,225.01,50.64,49.66,4.68,92.66,248.83
76.25,150.22,85.31,73.92,2.22,90.34,127.58
109.51,59.06,144.64,77.85,0.31,96.45,104.16
36.08,239.84,26.34,78.9,0.78,28.04,90.15
70.6,214.8,57.74,24.36,0.49,46.43,96.57
158.17,89.17,14.09,20.87,2.99,35.4,135.4
184.29,186.23,89.31,59.82,1.01,83.37,158.06
77.38,320.81,166.35,74.63,2.54,71.85,176.45
22.03,240.27,9.81,33.28,1.91,52.89,98.3
120.35,47.8,136.69,12.26,4.04,118.97,157.86
74.09,223.73,186.84,72.24,1.67,18.63,137.48
69.77,284.07,51.2,31.37,2.35,146.36,152.67
288.16,319.15,140.26,18.3,3.63,21.9,259.76
186.81,255.36,195.14,16.48,2.22,117.1,207.63
169.28,69.54,192.64,32.86,3.99,58.39,182.36
127.65,286.97,50.81,60.08,3.34,130.46,191.79
131.54,274.16,24.56,37.12,2.11,15.75,148.88
164.57,19.53,33.92,4.02,2.57,59.33,122.66
210.45,170.58,141.9,11.5,4.84,53.64,221.36
212.13,139.85,146.52,30.47,3.34,149.01,210.33
55.65,271.07,136.48,66.65,4.53,147.9,193.81
152.53,94.29,70.54,11.65,0.98,32.52,111.13
126.53,240.44,38.11,56.94,2.47,96.34,161.58
261.81,366.15,118.25,13.75,4.55,82.65,277.75
191.27,321.14,99.32,22.74,1.68,27.38,187.23
162.09,369.37,147.12,18.87,4.84,29.33,239.69
39.04,391.62,91.07,8.59,0.58,148.44,139.36
183.66,14.16,71.03,67.79,4.52,70.65,172.17
39.58,252.87,62.23,47.41,2.28,23.24,118.19
104.48,171.01,46.24,83.44,0.46,36.14,103.61
47.14,345.34,56.82,11.69,4.41,43.91,170.35
209.16,108.21,23.49,16.18,1.33,79.08,142.33
65.84,392.6,72.64,32.03,0.21,53.65,130.14
120.6,249.35,12.13,77.05,0.77,70.98,129.76
269.22,319.48,41.35,31.96,3.33,29.14,235.3
65.27,43.38,150.62,42.03,4.89,52.38,142.81
154.8,81.55,68.47,31.56,0.65,15.2,103.63
128.69,305.78,135.31,9.86,2.36,134.01,189.47
10.35,18.57,144.79,94.06,0.99,33.82,58.83
238.86,328.58,118.33,55.76,3.75,114.75,258.06
25.37,15.44,191.95,79.21,0.68,55.69,68.48
144.91,266.28,9.18,66.52,1.28,73.79,149.44
170.4,152.39,149.04,52.4,1.06,47.23,149.25
190.39,248.48,191.96,10.79,2.81,105.98,213.73
208.15,281.45,173.14,64.99,4.38,127.46,256.82
79.72,143.57,37.74,17.23,2.6,46.51,114.02
7.94,52.11,68.73,42.61,0.39,40.12,39.97
218.42,37.16,38.63,63.65,2.86,103.81,165.44
163.02,239.69,122.26,78.66,4.01,33.3,204.46
251.65,213.06,143.88,69.13,0.75,97.78,197.65
247.31,299.46,66.83,67.81,0.46,18.69,185.27
253.78,208.8,110.2,16.61,1.02,94.92,191.0
148.1,174.75,139.73,35.92,3.76,79.44,187.0
103.42,165.25,87.16,6.21,3.0,21.52,136.33
238.51,20.31,171.53,72.51,2.75,99.12,188.55
138.13,140.87,155.45,95.35,1.32,69.75,146.58
59.12,390.65,17.61,27.88,1.73,36.48,138.6
257.22,350.69,126.12,10.59,4.83,56.24,273.93
265.36,138.46,50.89,48.61,1.28,76.35,176.97
142.56,239.24,113.72,85.96,4.52,18.28,201.04
27.33,340.45,191.59,56.09,2.94,143.85,179.12
119.41,182.1,176.42,6.58,0.7,101.51,137.09
242.04,17.0,83.88,97.48,2.39,19.87,161.38
271.02,39.06,61.85,83.21,4.75,124.32,223.68
65.02,209.05,50.71,14.9,2.15,51.77,116.95
24.76,388.08,108.84,92.34,4.33,91.54,191.77
263.82,280.35,27.28,46.17,1.36,45.19,197.43
119.87,37.66,112.11,38.45,2.9,111.34,136.31
164.82,83.85,5.26,47.18,4.23,109.84,168.2
290.58,310.82,68.15,83.79,4.61,85.05,278.92
24.64,338.16,47.89,66.63,2.48,39.93,134.53
196.25,250.9,194.39,7.81,3.23,41.79,213.41
26.86,261.33,146.81,95.85,0.11,60.52,105.41
115.76,21.05,73.18,16.48,1.34,26.03,87.16
242.13,333.13,23.1,75.07,1.47,53.96,204.53
132.87,317.43,105.78,64.34,0.56,104.23,162.94
299.17,111.02,46.62,20.38,1.47,125.47,191.78
169.92,286.38,109.6,18.73,1.67,53.22,176.65
99.74,93.79,167.9,87.29,4.85,38.87,171.1
69.93,25.73,125.08,43.13,3.38,125.73,125.7
108.4,88.44,128.59,66.15,2.19,134.15,139.89
114.9,79.67,110.5,51.4,4.94,64.45,167.4
25.27,141.72,185.82,73.28,0.85,8.9,87.75
114.02,173.2,186.72,48.97,2.43,105.77,165.51
141.95,208.33,104.98,30.16,3.27,118.68,184.07
218.21,195.93,64.62,37.61,0.37,7.61,146.65
198.74,115.56,94.62,86.19,3.61,91.28,193.31
214.09,21.38,41.38,47.87,0.59,90.31,123.29
7.47,245.99,129.09,22.92,0.79,59.91,94.64
69.21,164.34,102.52,93.59,0.88,113.72,115.58
200.2,126.48,25.14,80.07,4.65,67.09,196.99
147.78,348.11,43.54,7.46,3.45,103.13,203.2
6.57,301.23,98.53,99.9,3.31,79.98,149.31
242.33,344.53,178.08,70.1,2.82,41.03,248.04
232.98,203.04,115.45,17.71,1.53,92.94,189.85
166.78,61.06,137.9,25.24,3.14,111.85,166.05
24.61,281.53,71.11,69.86,2.11,146.22,137.38
231.12,90.37,116.43,78.42,0.81,60.12,157.03
177.2,182.08,92.24,25.43,3.48,14.35,178.01
235.68,35.35,133.53,27.18,0.73,148.26,157.35
226.77,331.87,14.86,32.1,1.03,95.45,192.35
241.89,59.12,101.19,60.61,4.11,142.24,212.75
157.81,362.21,62.72,18.84,3.33,20.05,199.88
46.4,347.05,68.61,12.22,3.19,54.59,155.55
202.99,191.19,192.38,68.53,2.15,24.42,191.04
188.04,300.3,40.63,78.35,2.04,126.15,198.75
223.96,251.58,65.69,51.09,3.48,132.65,227.0
55.11,323.2,104.43,37.66,3.73,77.69,173.66
62.52,178.4,173.29,44.34,2.6,32.06,134.92
267.67,316.47,86.25,40.06,4.85,23.43,263.56
226.24,190.36,150.05,96.08,4.78,90.28,245.97
272.93,376.98,171.99,77.27,2.12,78.42,261.67
228.82,199.69,65.45,22.39,4.12,105.74,221.2
181.16,190.42,81.59,39.65,2.76,49.26,175.57
197.97,316.18,74.53,55.31,2.61,63.34,207.75
267.29,330.42,167.41,62.07,0.37,8.1,211.07
175.75,226.25,13.65,47.88,2.91,93.47,180.09
191.56,80.12,65.14,81.39,4.51,66.36,188.2
51.16,192.43,137.48,77.23,3.92,138.37,166.89
144.81,387.55,115.26,51.51,3.95,98.06,231.88
216.34,303.66,90.08,85.73,0.88,62.81,192.03
84.93,326.35,110.29,75.61,1.86,43.22,157.68
64.66,22.8,43.53,78.3,1.24,136.27,83.87
97.58,192.47,88.99,95.73,1.65,7.36,126.27
76.24,262.18,102.83,28.11,2.94,52.4,153.13
68.4,333.71,180.73,28.23,1.89,141.81,173.62
130.33,29.22,55.86,89.12,2.85,99.83,132.95
272.81,342.45,174.23,77.68,2.25,82.24,257.58
154.58,223.88,130.63,92.8,1.5,34.51,163.23
60.44,86.95,8.97,8.19,0.57,125.84,71.12
27.71,133.73,146.3,63.52,4.47,34.61,138.37
210.37,119.95,11.93,16.17,0.16,41.0,120.03
117.93,217.04,199.49,51.38,0.11,32.82,132.18
247.44,30.16,175.16,17.26,4.15,27.93,199.47
199.56,71.83,62.98,14.55,4.98,143.23,201.34
239.89,326.95,55.2,3.19,3.66,92.29,238.73
85.22,61.72,79.38,63.76,0.17,97.49,81.96
209.25,101.02,74.45,37.18,1.21,143.38,158.46
82.9,186.81,77.61,12.31,4.86,38.43,162.09
282.03,211.68,67.06,33.64,4.06,5.86,230.38
192.73,307.81,126.12,18.56,2.88,91.84,216.36
100.73,184.46,37.03,94.29,1.26,78.64,122.87
84.51,318.05,169.97,33.36,0.17,74.26,139.94
61.32,251.16,163.42,34.73,0.2,13.97,107.88
209.92,54.11,97.91,84.31,3.1,70.89,175.02
69.52,70.97,171.28,65.48,0.21,46.7,84.35
180.61,180.44,53.19,71.6,4.97,44.81,204.73
83.07,164.79,8.43,64.33,1.0,37.25,94.45
200.28,299.98,125.75,94.73,3.58,53.22,230.16
245.41,236.49,94.29,22.29,0.86,56.2,183.16
234.52,161.37,115.6,98.93,2.75,49.77,201.98
229.45,76.6,180.37,83.43,0.49,146.92,171.96
60.38,98.47,194.14,59.72,3.86,140.25,157.83
31.07,234.45,128.72,66.91,2.97,88.3,143.05
211.19,175.14,153.99,65.58,0.52,147.25,179.08
113.66,210.82,21.34,7.72,4.26,148.72,177.78
132.54,76.56,36.34,23.37,2.78,56.61,126.31
14.19,268.53,147.97,96.22,4.62,69.55,170.87
81.58,342.49,89.12,54.37,4.59,144.06,210.41
14.93,110.6,91.96,39.08,4.61,93.25,128.94
264.36,201.69,65.18,76.68,0.48,35.87,176.13
76.8,390.46,123.43,53.4,0.69,104.96,158.8
169.41,139.96,41.11,3.29,4.94,34.83,181.58
16.5,242.07,127.25,74.15,2.49,54.21,126.99
201.72,45.18,38.89,73.76,1.27,38.0,127.64
100.29,246.35,17.45,18.18,3.87,40.52,157.97
269.89,44.96,69.42,95.75,1.39,5.68,158.71
266.99,384.1,50.07,23.94,3.66,132.7,268.38
100.96,289.11,178.35,46.86,4.2,47.92,199.87
270.78,317.38,15.72,13.24,3.94,17.52,237.24
298.87,284.6,39.44,61.12,1.44,17.61,212.78
248.5,239.99,112.0,38.79,2.07,85.62,211.94
254.24,185.47,98.81,36.61,2.12,148.97,211.49
78.46,344.77,13.94,83.04,2.51,26.03,152.24
175.13,383.17,6.41,2.94,0.92,19.45,164.66
24.84,204.62,197.67,80.2,2.32,68.55,133.57
33.0,373.3,133.47,58.0,2.6,86.68,165.73
299.67,237.5,76.25,98.64,2.71,47.69,236.4
101.36,219.97,96.73,59.77,4.12,48.87,174.12
225.71,187.25,56.98,7.43,2.63,66.55,186.53
242.97,91.62,72.25,6.96,1.23,50.55,153.09
258.12,11.45,131.56,88.55,3.35,137.72,205.02
299.3,104.19,177.15,84.44,4.01,11.08,237.34
76.24,208.79,40.91,35.9,1.66,39.01,112.81
16.9,158.18,168.87,62.57,3.26,122.24,137.25
126.3,184.91,28.7,49.98,0.82,125.92,127.99
43.37,392.45,46.92,96.78,1.78,21.18,142.36
11.62,146.61,12.25,95.1,4.56,146.2,135.57
111.33,186.35,32.46,98.42,4.57,105.54,180.82
236.2,62.07,183.87,86.91,2.92,44.53,193.63
172.02,28.7,94.59,91.14,3.54,71.13,161.64
97.27,312.41,20.14,23.29,4.28,48.09,178.22
198.03,232.57,192.15,83.44,4.8,26.75,238.86
73.45,306.67,176.4,71.47,2.5,47.22,168.91
9.24,68.45,152.16,96.35,2.85,89.11,105.99
230.48,233.01,187.03,57.98,2.14,124.77,223.41
189.0,108.92,47.93,10.35,0.45,57.71,121.06
229.88,98.94,168.09,60.55,2.17,55.45,183.9
16.49,14.5,139.55,69.28,3.97,72.86,107.89
251.95,60.83,174.6,23.59,4.04,98.46,216.92
187.76,130.61,160.4,40.62,4.47,113.98,213.54
171.2,55.58,72.57,60.65,0.35,52.39,109.69
189.26,394.48,156.01,38.66,2.68,90.02,235.62
260.01,130.37,56.18,38.74,0.63,61.46,160.99
178.15,60.83,69.08,15.04,1.08,108.88,127.88
176.38,87.64,26.04,94.19,4.51,28.88,173.4
297.25,239.2,187.34,75.55,2.53,42.25,246.75
228.24,34.98,61.75,2.12,3.82,66.78,175.03
135.48,346.35,106.52,77.03,0.42,133.97,173.47
213.68,384.98,81.31,74.5,2.14,88.13,227.47
119.82,106.23,192.19,2.95,3.4,144.98,171.1
72.52,185.54,70.33,38.22,0.75,19.98,94.79
181.07,18.63,156.82,61.46,1.7,71.73,142.03
278.81,259.88,171.81,46.37,0.42,65.77,210.02
279.1,171.43,89.94,78.24,3.29,92.03,230.42
105.86,115.32,78.74,43.69,4.86,122.73,172.86
160.66,90.67,150.81,17.08,4.15,127.01,188.07
67.43,265.07,183.01,97.69,4.88,102.18,205.67
298.71,172.32,152.21,25.72,4.24,98.02,257.71
294.43,80.07,49.29,72.33,4.29,142.61,234.16
196.61,278.75,178.22,16.03,2.93,60.63,215.75
242.3,230.38,80.58,34.24,2.64,125.75,216.96
215.95,344.88,117.36,45.32,2.09,138.62,229.65
179.98,55.82,167.13,20.84,4.11,76.27,183.38
20.74,316.41,41.74,46.1,0.99,110.72,113.94
139.16,272.67,157.98,17.4,0.38,59.67,150.22
204.06,54.85,121.25,56.78,4.74,28.04,191.84
204.87,280.98,179.2,67.04,0.12,90.04,187.01
115.07,182.2,38.53,8.12,4.89,33.49,167.38
282.8,378.54,87.03,87.37,3.67,71.35,276.39
54.37,65.23,167.4,20.14,1.71,131.57,107.3
152.61,260.71,8.75,24.09,3.52,17.47,172.32
208.81,158.97,26.88,66.81,4.11,9.41,189.06
210.66,383.16,198.16,47.94,1.3,92.94,228.89
196.35,138.69,59.68,50.94,3.88,53.0,186.43
86.21,385.25,195.23,14.56,4.04,65.6,212.74
51.08,361.58,40.59,80.96,1.32,63.83,136.34
192.6,115.45,75.41,62.47,0.31,17.56,124.91
181.79,323.38,151.81,15.27,1.1,5.52,179.02
57.91,398.29,133.27,38.65,1.08,135.27,163.21
213.02,108.54,118.32,81.42,0.42,36.58,144.59
139.28,180.34,108.33,57.7,3.66,66.78,178.68
201.99,212.87,169.47,12.65,1.96,145.93,201.37
252.02,125.02,50.81,38.53,4.43,124.88,222.52
55.07,15.95,91.28,25.78,1.34,20.65,64.62
10.65,95.85,35.31,52.71,2.32,78.74,80.62
234.84,119.96,121.21,84.65,3.23,110.86,209.67
184.86,183.0,53.86,44.75,4.4,106.27,205.03
211.39,76.73,70.1,44.47,2.67,115.32,172.22
252.26,350.57,96.89,90.72,1.93,71.33,234.28
241.83,284.92,10.22,58.47,4.35,30.51,230.9
288.47,43.23,22.93,57.49,1.62,72.41,168.39
163.1,263.54,138.76,27.67,0.49,98.94,163.71
149.11,264.93,88.65,61.56,2.28,93.25,180.28
123.56,382.93,173.63,58.44,3.95,15.23,219.39
50.34,11.18,140.46,40.89,0.25,14.42,53.45
173.92,106.69,6.58,99.09,2.97,144.96,168.11
86.72,371.84,125.26,88.43,3.01,27.01,185.93
276.79,373.53,23.28,75.46,4.65,47.7,273.36
177.04,291.03,157.28,54.66,1.5,116.31,198.08
179.89,308.65,198.34,47.28,1.47,64.4,199.82
109.7,45.68,108.58,20.12,2.26,31.31,109.89
20.34,210.41,138.14,31.96,1.85,72.75,112.78
14.36,100.32,51.28,77.85,3.71,87.5,110.03
129.88,80.68,90.33,46.47,3.24,70.65,145.55
29.95,326.02,171.94,88.46,3.82,138.25,189.84
184.02,62.66,37.65,16.5,4.12,46.28,162.15
264.89,192.77,56.78,51.82,4.62,100.89,242.68
265.46,376.05,91.86,65.4,2.21,21.28,238.08
199.42,82.47,143.89,52.65,4.93,61.88,206.27
67.31,391.42,78.3,89.14,1.16,112.44,160.09
259.58,397.77,185.91,98.98,3.6,37.6,280.82
266.4,226.69,23.42,13.35,2.72,90.52,211.07
63.01,76.36,77.31,14.74,4.1,27.25,119.18
222.54,133.28,143.25,14.77,2.44,19.89,178.16
89.52,175.55,49.07,68.76,3.94,80.87,156.41
241.78,130.64,133.0,38.52,4.66,102.88,231.94
299.19,119.45,37.02,73.86,3.69,21.44,215.04
13.86,389.17,15.92,41.74,3.9,138.08,169.19
269.72,69.81,28.6,63.51,0.43,37.74,144.59
188.68,296.0,186.35,77.45,1.1,22.4,190.29
292.15,10.16,112.59,55.73,4.87,34.39,219.62
142.18,242.51,160.29,54.87,3.5,29.59,191.79
254.98,367.22,69.87,10.65,2.85,18.15,232.47
23.41,122.29,120.57,42.26,1.9,120.69,102.71
103.91,82.36,101.52,55.49,0.32,76.85,95.1
24.77,264.16,189.42,47.27,1.91,61.34,133.71
292.73,287.91,150.78,90.28,2.54,142.84,265.91
246.01,278.33,147.46,90.84,1.14,58.8,211.13
256.5,134.53,14.04,82.55,0.95,29.21,158.48
281.7,108.36,112.19,38.78,2.59,44.74,200.64
30.11,382.81,96.06,72.3,2.97,39.65,160.75
118.75,370.09,185.93,40.74,1.28,77.32,184.21
25.96,188.35,55.18,24.79,2.98,47.27,110.57
67.18,340.02,57.62,35.6,4.51,79.83,186.73
72.66,186.41,85.21,8.95,2.42,102.05,131.61
143.39,175.51,52.46,34.51,4.3,117.71,185.95
84.23,71.14,30.19,47.15,4.64,107.97,143.01
34.79,176.3,172.2,95.64,0.55,34.81,98.08
54.41,219.59,113.86,32.71,0.57,21.81,97.85
48.45,18.78,172.97,90.44,2.43,83.66,107.16
292.06,183.2,167.07,24.43,2.98,33.84,230.77
228.99,314.73,60.0,20.71,2.19,17.32,201.01
290.49,275.22,111.81,52.86,1.7,81.43,231.01
134.72,257.71,21.23,67.91,3.24,52.39,171.88
87.12,364.73,183.47,6.34,0.11,114.64,154.8
240.5,17.03,83.83,23.66,4.84,50.56,194.78
101.24,227.25,81.77,46.66,1.24,146.91,143.47
93.32,317.07,64.04,34.44,4.59,114.99,199.94
73.59,221.12,94.83,71.84,0.63,13.37,106.59
43.26,136.32,54.09,52.09,1.27,78.79,88.71
80.66,63.14,78.1,17.72,1.25,86.58,90.13
109.82,356.15,160.99,89.66,4.98,105.82,238.86
203.83,193.6,167.68,30.7,0.12,77.18,161.89
23.46,352.46,64.32,73.65,3.23,75.1,156.67
67.1,238.48,96.46,78.43,4.36,58.35,171.02
243.66,272.93,175.39,96.39,3.39,44.36,245.57
48.34,323.66,15.27,50.85,1.88,142.2,140.94
106.08,267.07,178.38,62.35,4.8,51.05,208.43
260.07,165.24,47.74,34.82,4.48,14.2,217.02
50.7,210.32,137.32,68.46,2.23,29.26,127.57
29.41,323.19,118.6,47.41,2.91,129.31,161.97
147.94,155.72,112.82,44.89,4.84,90.06,197.85
94.21,161.37,172.58,85.84,4.91,117.92,195.84
171.21,47.32,24.81,6.92,2.3,122.27,135.26
242.12,366.69,72.67,88.43,4.25,124.37,272.37
45.46,45.5,109.96,85.5,1.58,84.84,88.75
176.31,262.8,163.2,51.62,1.92,30.68,186.16
154.13,171.15,47.21,50.04,0.91,26.49,125.55
47.5,168.19,161.57,37.46,1.13,88.23,110.73
189.08,275.03,82.93,99.43,3.32,58.14,211.52
85.72,36.17,41.84,12.89,2.6,85.92,101.02
148.91,241.55,153.0,59.84,1.23,77.28,166.89
29.27,311.09,22.73,68.8,2.07,92.32,129.18
140.58,333.0,105.38,93.56,1.93,9.66,178.37
95.41,76.51,17.46,78.46,4.94,9.76,139.46
247.6,359.99,74.5,65.1,4.28,109.63,269.41
21.81,265.9,122.21,13.45,2.0,33.0,116.55
128.49,353.92,113.44,38.63,4.58,99.57,226.67
140.24,199.26,83.91,15.61,1.78,84.25,149.42
218.88,221.39,88.66,88.36,3.37,147.36,226.66
174.41,368.42,49.22,75.46,4.84,126.13,249.85
201.83,360.96,93.9,76.24,2.01,64.9,214.55
234.23,184.78,190.88,65.92,3.43,94.38,231.5
259.35,117.02,170.84,51.69,1.55,22.01,184.49
97.59,163.34,33.32,16.7,1.4,61.03,108.6
163.72,161.23,10.81,34.31,2.91,111.41,163.2
252.83,121.88,187.04,15.42,4.9,95.29,242.87
296.89,114.75,107.72,73.04,2.32,75.25,211.26
267.41,345.81,109.88,17.7,4.69,30.6,269.38
114.58,37.25,157.24,70.81,4.58,121.46,170.87
62.57,274.27,66.36,69.84,1.34,44.61,123.67
149.37,77.4,98.97,47.01,2.07,123.97,144.4
223.78,144.36,193.89,15.25,3.25,93.68,211.83
150.31,34.0,136.07,32.85,2.64,59.05,139.05
147.54,115.29,34.98,33.37,0.57,10.89,100.84
252.28,309.68,30.98,70.64,4.97,38.7,254.9
111.61,355.16,44.83,13.15,3.79,133.92,200.62
258.64,96.4,154.51,83.25,2.24,123.61,206.45
125.01,190.78,62.6,76.58,3.13,88.35,165.4
101.83,193.43,9.17,20.26,0.53,72.62,101.65
138.93,350.69,189.11,72.48,2.53,98.84,214.05
229.92,307.49,38.09,67.51,4.66,72.61,246.74
42.17,210.1,6.86,75.32,4.49,98.42,149.61
62.94,271.59,51.24,20.51,1.75,49.57,122.97
285.68,340.47,50.83,17.44,2.7,126.58,251.28
56.77,13.72,87.29,25.18,3.52,106.78,109.84
172.48,167.13,184.48,37.86,1.77,52.85,168.29
175.9,363.82,176.44,79.78,0.42,125.45,202.65
149.44,298.72,94.09,74.32,2.58,75.66,191.07
195.2,221.71,85.13,92.69,3.05,30.32,194.73
72.8,216.56,113.23,7.75,0.13,16.27,94.56
168.04,145.63,52.47,3.13,0.57,106.44,129.02
114.79,213.0,15.18,70.52,1.12,130.44,134.15
200.19,265.6,188.15,29.37,1.81,122.08,209.75
46.66,173.16,41.41,34.74,2.75,100.07,119.26
173.41,288.52,43.69,55.59,1.54,25.5,166.1
59.65,345.88,97.13,12.04,1.45,18.64,133.41
87.2,70.33,100.86,64.98,4.36,55.03,144.22
69.52,186.1,8.59,33.86,0.81,128.96,101.21
58.94,169.13,33.85,64.01,2.53,144.45,128.46
248.58,278.11,78.74,83.73,4.77,40.0,252.77
89.28,107.45,138.33,18.77,3.16,115.5,144.59
278.5,259.7,49.54,93.23,3.61,88.21,247.54
291.13,352.22,87.49,54.01,2.21,9.61,240.06
173.52,173.07,113.68,92.45,0.2,83.72,145.84
47.19,365.3,178.28,22.36,3.27,121.86,188.18
115.49,397.33,68.58,61.25,3.2,45.04,196.78
240.33,51.38,31.04,41.58,0.64,135.12,145.11
113.38,100.89,100.41,77.87,2.36,39.26,129.74
30.67,380.65,150.61,61.38,4.59,16.09,188.32
169.25,383.75,26.42,50.46,1.1,28.19,174.26
254.31,48.11,87.81,91.47,2.36,126.37,188.01
239.8,15.85,8.47,38.96,2.36,65.51,149.47
56.66,72.83,11.54,23.56,4.07,120.56,120.49
203.47,398.44,99.18,61.59,4.14,82.03,256.52
70.05,80.2,63.15,63.15,3.82,74.68,128.36
69.37,205.99,169.8,45.03,1.89,122.0,145.58
262.85,340.88,122.42,49.69,0.45,66.41,213.4
78.65,17.96,93.52,96.04,1.81,121.29,104.06
82.66,245.75,84.55,73.8,3.43,19.6,156.68
5.19,118.04,101.96,12.84,3.54,97.27,110.01
261.85,346.31,12.89,22.79,4.83,106.88,266.67
238.82,120.55,179.09,97.61,2.32,135.37,211.41
190.06,277.83,199.67,73.19,3.2,37.53,222.47
226.33,272.95,40.39,91.67,2.74,92.61,215.37
49.85,96.38,28.47,31.78,0.84,67.82,69.41
140.21,23.57,33.0,74.7,2.36,60.5,117.69
108.61,169.61,133.9,71.97,2.77,20.47,149.26
32.66,122.79,133.98,30.88,4.76,24.46,135.86
148.41,325.5,170.35,55.98,1.9,126.36,203.01
276.62,322.14,151.61,63.49,4.9,113.71,294.76
16.82,188.24,92.69,49.15,2.76,60.44,113.62
90.98,246.54,124.51,83.06,1.29,125.13,150.77
66.22,245.66,139.22,83.62,1.04,16.71,122.96
75.25,332.59,104.98,85.36,0.79,95.59,147.16
272.99,175.75,97.75,80.74,2.32,130.89,221.51
143.08,117.42,130.79,49.83,0.21,126.64,127.43
142.56,113.36,113.71,39.38,2.28,59.05,143.76
229.37,219.11,130.57,83.47,4.94,113.06,254.61
50.58,185.17,124.51,50.04,3.38,66.98,141.74
148.74,181.65,145.24,26.14,3.82,126.82,196.59
131.85,45.54,130.35,51.72,0.68,81.96,109.11
181.09,290.26,106.35,15.9,2.42,115.9,201.69
299.87,93.36,137.95,69.78,1.5,16.39,191.29
231.99,86.81,92.65,34.92,4.48,90.55,208.35
122.37,170.98,52.13,27.54,0.99,84.79,121.26
249.13,98.83,5.28,95.74,2.35,93.45,179.02
55.36,237.7,114.19,78.13,2.98,105.87,155.23
13.99,154.87,120.18,79.13,2.62,138.13,122.51
65.31,185.08,194.55,63.12,4.17,118.92,179.0
105.42,219.5,75.49,84.24,1.23,36.85,129.85
155.62,89.38,81.86,76.4,1.95,124.75,147.99
186.46,70.74,44.35,60.68,3.98,22.7,164.58
273.63,353.36,18.75,96.19,2.69,95.22,247.15
155.41,179.15,155.7,20.78,2.07,133.0,174.43
152.88,170.72,53.69,94.45,0.24,19.66,119.41
19.82,23.89,123.74,41.34,3.79,128.21,111.51
15.3,204.21,139.12,53.78,4.86,120.8,164.28
167.59,226.13,96.89,14.03,3.14,78.05,187.0
134.26,227.95,175.89,54.93,4.3,49.79,203.1
252.56,285.74,91.54,61.9,2.63,63.79,227.15
52.4,79.22,60.56,99.77,1.24,145.46,96.21
12.37,108.37,179.72,97.57,0.17,34.25,71.03
137.47,326.18,173.01,96.71,3.3,89.04,218.73
75.06,379.4,36.99,36.14,2.52,17.07,155.37
19.64,63.01,10.06,99.14,3.93,36.59,96.35
218.76,204.08,22.55,46.64,3.5,115.68,206.28
37.92,93.53,60.88,85.48,4.94,48.88,133.0
184.45,33.43,194.59,23.2,2.6,147.94,173.17
87.91,136.95,113.91,51.57,2.19,77.62,129.34
56.18,66.04,77.79,96.67,1.51,79.9,91.58
117.03,286.87,178.3,94.81,2.44,10.27,178.5
241.43,218.15,93.36,69.01,4.38,143.7,248.32
120.67,66.1,66.47,80.19,0.31,30.26,88.63
226.48,13.6,188.54,19.29,4.89,83.06,209.36
42.02,325.18,170.66,72.72,4.97,62.37,198.58
232.97,78.72,169.52,62.57,3.03,65.26,195.84
74.9,246.42,104.9,10.97,1.72,98.28,136.68
204.83,141.4,158.94,13.09,1.19,101.0,168.41
171.91,238.34,39.97,12.63,1.45,27.37,149.62
279.1,133.1,116.78,72.99,0.35,77.44,179.87
119.26,43.91,196.85,15.89,2.43,119.62,141.97
24.52,96.95,61.74,47.84,0.38,69.28,59.35
10.65,83.34,159.9,36.98,3.62,29.04,107.28
248.92,176.93,100.64,55.95,1.92,50.42,192.05
159.8,266.73,12.76,71.23,1.08,35.8,147.83
233.7,112.88,153.79,69.1,2.77,23.24,191.07
74.16,14.71,37.87,52.52,4.87,59.75,125.57
106.8,212.39,128.14,47.5,3.51,83.44,174.28
13.88,246.25,21.7,40.99,2.51,15.55,102.13
288.64,385.52,189.64,86.47,3.91,92.55,302.14
202.02,239.89,61.89,34.42,3.71,148.99,219.57
280.3,193.76,49.16,27.42,4.47,144.8,249.75
83.32,233.63,30.18,74.84,1.1,125.23,127.39
185.38,371.88,189.47,37.26,4.31,43.62,251.85
205.16,333.07,143.82,85.01,1.58,8.25,203.61
98.68,135.96,149.62,34.13,4.71,125.86,182.06
255.19,102.53,102.38,70.79,1.48,13.08,169.14
284.41,112.43,97.57,6.42,4.64,34.82,226.37
266.03,206.72,26.45,39.79,4.82,83.95,240.63
223.02,300.18,114.17,35.64,0.81,30.86,186.76
86.85,206.26,53.15,82.03,4.88,125.9,184.18
88.08,36.44,195.54,96.77,0.52,117.69,106.98
289.19,292.2,160.33,47.17,1.17,114.59,237.64
8.03,324.33,85.53,82.83,2.28,123.34,141.84
216.23,122.9,34.51,70.57,4.97,36.86,203.37
213.34,269.01,158.14,96.8,2.49,110.69,226.55
188.69,176.37,28.8,81.49,2.8,56.52,173.65
297.08,356.76,41.92,9.59,3.5,101.69,265.23
97.0,339.64,46.25,71.9,4.84,22.69,196.93
105.29,214.92,113.59,54.48,3.94,107.31,182.76
28.29,279.69,158.48,3.61,1.2,145.96,131.25
135.63,354.51,66.29,26.63,1.58,11.32,163.23
82.01,203.33,21.51,92.33,0.58,18.61,97.4
106.3,132.17,95.59,92.75,3.26,22.93,144.87
251.2,303.93,150.88,80.29,0.99,67.43,216.83
280.97,95.83,48.22,98.21,1.36,47.16,176.1
59.79,161.53,47.89,81.04,4.45,122.0,156.59
114.89,347.63,189.71,3.0,1.7,73.7,180.81
278.95,292.52,191.06,30.21,2.88,75.26,256.2
23.23,167.49,198.14,5.0,2.05,108.97,120.08
32.25,93.75,162.49,11.22,0.46,57.49,72.71
53.02,148.83,41.7,23.45,1.88,56.22,96.18
180.59,120.8,46.34,51.35,2.1,114.75,157.19
49.39,78.67,71.34,85.06,4.49,118.11,139.75
290.58,299.9,67.04,86.47,1.69,7.09,221.33
136.78,108.31,191.52,62.39,1.96,25.85,144.59
152.95,187.13,158.87,92.96,3.94,35.9,196.16
77.76,160.49,146.18,51.01,3.82,55.98,155.91
143.93,393.01,41.26,89.13,4.01,47.26,218.54
200.26,162.53,182.36,46.5,4.77,101.94,231.51
226.6,41.19,166.43,29.17,4.0,125.08,205.49
227.39,45.03,36.91,91.81,2.1,32.85,151.07
175.48,240.39,174.88,40.02,4.13,86.63,223.38
271.79,243.75,58.09,51.33,2.59,58.33,218.95
246.14,173.32,20.77,34.23,1.46,78.34,173.32
228.33,178.42,133.08,66.96,1.58,95.01,191.69
21.4,31.03,132.49,99.51,1.2,134.57,82.73
7.03,211.45,23.51,4.5,0.81,32.88,66.17
67.67,206.85,67.18,90.19,1.0,17.62,105.24
200.74,68.32,198.6,2.38,0.41,95.95,144.52
126.3,50.5,137.29,37.69,4.45,62.15,161.11
123.71,58.19,147.36,18.52,4.66,28.62,159.3
265.95,49.4,46.52,76.22,2.98,21.98,178.79
269.19,247.79,20.36,6.96,4.22,86.04,237.17
273.21,86.63,59.0,56.24,1.0,48.57,163.36
97.59,108.06,53.54,30.9,4.52,149.63,161.99
208.86,77.69,50.74,15.1,2.58,63.86,156.5
85.13,383.56,42.59,77.64,0.43,35.78,136.72
61.23,343.3,117.08,23.31,0.79,96.18,139.36
59.47,99.89,68.98,23.92,1.61,40.42,86.78
105.92,137.75,164.97,28.96,0.31,76.64,113.76
131.84,91.86,40.87,59.5,1.62,74.97,118.67
250.13,201.83,95.6,66.65,0.39,70.77,177.94
40.37,17.65,7.66,3.73,1.26,120.43,58.11
221.8,271.83,98.93,25.7,1.4,36.41,186.99
161.78,214.03,15.89,44.24,4.97,136.12,209.33
89.94,360.47,195.66,34.53,1.25,119.74,177.65
150.38,74.11,159.17,88.65,1.27,53.3,134.79
93.48,323.6,100.57,79.2,3.47,31.19,181.78
180.84,318.86,21.88,63.34,4.31,45.53,217.22
132.98,59.6,120.53,35.13,2.0,53.23,124.64
53.5,165.44,152.96,70.67,4.39,85.76,163.22
39.39,76.36,42.19,84.68,1.77,11.72,74.08
166.28,109.34,115.8,60.29,1.07,137.58,148.4
271.21,112.67,163.77,78.88,1.72,19.31,192.1
106.47,226.93,154.81,75.41,3.09,45.49,171.85
221.24,170.45,161.58,58.03,1.9,20.85,184.24
199.31,379.62,176.47,32.59,3.4,42.22,242.67
279.81,59.28,187.85,75.09,1.26,126.46,197.35
247.19,389.74,84.08,22.27,3.53,94.2,258.81
172.15,99.95,115.91,78.39,1.8,37.96,146.81
198.82,311.42,159.18,80.85,2.33,131.4,228.49
270.02,142.2,140.94,82.57,2.83,121.1,226.51
122.86,65.8,199.13,48.35,3.46,114.28,166.09
101.4,344.58,7.67,20.86,1.27,127.91,150.94
8.19,130.46,74.25,11.77,4.2,94.85,118.85
248.83,266.95,59.8,74.85,3.64,77.71,235.59
241.29,230.91,56.15,88.85,1.25,59.22,187.6
35.81,193.98,48.39,65.78,4.88,37.45,145.74
175.17,203.37,143.28,16.13,3.36,85.82,197.08
141.87,295.57,21.53,93.62,2.32,133.98,183.31
40.02,44.23,149.61,98.93,0.87,91.13,83.94
294.27,270.59,140.22,44.47,2.71,138.34,258.75
68.34,359.37,53.91,60.29,0.91,56.75,135.45
24.83,32.54,54.3,78.17,2.2,105.8,81.34
180.48,64.85,127.63,74.17,2.1,99.06,158.12
222.97,289.49,153.62,96.84,3.63,102.21,249.56
14.57,180.54,175.91,13.26,1.04,98.53,100.07
199.32,167.38,171.17,58.91,4.13,37.14,212.25
162.03,63.42,193.15,69.81,1.7,25.82,142.79
35.46,207.64,118.37,89.23,2.28,146.9,138.56
55.89,59.35,182.19,87.66,3.88,11.57,130.33
172.55,195.88,162.66,97.84,3.16,72.82,200.77
92.43,307.81,179.46,52.18,1.61,66.64,164.8
281.8,110.72,7.27,83.41,1.99,57.2,182.76
246.53,197.51,193.35,43.87,1.6,118.39,213.24
295.15,396.89,97.34,43.39,3.01,113.08,278.55
81.6,277.79,160.65,26.83,1.73,136.26,161.37
291.07,338.13,29.8,82.19,3.66,62.35,260.93
132.21,171.79,82.21,98.61,2.94,86.81,166.57
107.52,309.47,57.93,27.12,0.81,134.38,148.67
19.85,25.8,61.87,7.5,1.62,149.11,69.8
20.57,57.94,29.03,81.92,1.19,145.55,71.97
209.14,89.2,162.12,62.78,2.01,109.09,178.64
140.09,166.76,6.8,96.05,2.63,25.77,143.3
71.82,339.84,65.94,26.72,2.58,8.36,149.26
186.12,145.04,39.01,8.96,3.8,124.66,185.86
79.59,265.3,119.86,50.26,1.03,126.94,142.35
175.4,286.63,54.58,10.38,4.74,113.22,224.76
110.97,238.61,55.5,27.66,1.78,45.59,136.74
247.95,149.32,100.23,14.35,1.57,97.77,183.75
247.11,235.05,132.27,23.96,3.46,50.86,227.58
145.82,143.48,28.65,12.4,4.05,70.34,163.82
108.49,42.71,39.22,95.48,1.95,60.45,105.76
111.96,397.19,53.2,29.3,3.76,137.48,212.15
242.69,59.6,194.88,45.5,4.43,38.95,215.07
101.81,38.22,82.44,90.06,3.86,88.75,140.91
66.67,352.63,121.8,68.38,0.27,57.34,134.92
29.98,127.72,52.1,62.57,4.15,101.15,129.09
142.67,263.62,100.64,71.15,3.89,86.86,203.46
147.23,138.31,19.45,83.22,3.38,138.98,169.33
253.07,162.67,11.77,88.01,3.82,19.73,204.65
70.27,112.22,96.4,64.98,4.9,36.99,150.55
117.39,143.79,82.74,89.22,2.21,116.12,147.65
243.48,170.17,31.69,54.47,0.43,58.47,156.84
247.97,290.96,139.08,29.17,2.36,29.04,220.89
118.46,209.5,198.62,88.25,0.33,77.98,144.51
140.44,377.99,82.15,55.06,1.54,99.56,187.67
94.47,26.33,126.79,90.8,2.98,11.5,117.51
280.1,206.2,192.78,5.94,1.62,47.29,214.14
40.0,237.85,167.15,40.96,3.46,122.37,162.97
280.46,368.88,95.39,94.88,4.13,80.44,283.74
206.74,29.17,148.81,26.47,2.16,10.13,147.42
161.81,233.66,29.99,94.27,4.51,45.88,199.93
14.63,342.92,104.86,95.48,0.49,97.68,121.73
145.3,104.35,59.42,88.45,4.22,33.91,165.08
125.29,351.75,36.43,57.24,4.16,124.97,212.8
52.56,17.43,88.12,65.4,1.68,103.1,84.9
198.64,295.66,30.55,87.22,1.56,73.35,186.35
291.49,373.91,141.3,78.04,1.59,137.77,264.97
170.85,266.31,93.97,63.75,4.08,61.81,212.48
215.85,181.22,108.57,98.26,4.18,39.09,217.19
25.19,27.5,33.54,69.2,1.72,100.9,68.4
128.21,368.84,32.26,97.6,3.0,88.13,197.93
39.33,193.42,118.77,7.62,0.78,53.61,92.74
185.77,21.31,197.08,15.62,2.4,54.83,153.87
281.85,279.03,23.77,46.24,4.99,62.74,261.06
200.22,197.92,60.72,39.72,0.88,47.22,153.01
27.66,58.49,174.54,78.71,4.74,107.99,144.16
109.63,93.57,19.09,17.74,4.14,99.45,144.2
167.45,35.15,175.8,97.66,4.86,68.91,193.44
123.95,233.97,107.24,32.88,0.98,62.69,139.85
250.92,252.59,84.61,44.03,1.15,57.93,193.87
245.33,207.24,65.39,28.93,0.18,46.1,161.93
185.49,328.67,62.94,58.78,3.65,17.43,212.63
115.17,345.79,64.63,7.75,3.26,43.89,181.12
80.32,250.09,177.54,16.67,0.97,51.57,132.77
36.23,14.98,146.14,75.09,3.98,84.41,119.23
109.69,281.14,135.6,20.28,1.57,117.2,163.54
126.89,173.02,160.76,25.08,0.76,62.38,132.76
204.37,230.57,55.14,79.71,2.17,141.99,197.96
199.16,263.14,125.52,11.14,0.55,124.97,179.16
25.68,146.59,94.71,44.87,1.39,147.8,101.3
121.6,367.67,157.58,4.26,1.92,132.05,194.84
58.62,62.25,65.3,35.99,4.27,94.43,127.57
51.26,271.89,130.42,70.5,3.98,91.78,175.01
249.05,11.7,177.03,10.83,2.27,23.78,167.21
17.36,370.61,83.42,89.06,3.65,109.75,173.71
128.66,53.88,17.99,91.13,2.89,92.03,131.15
54.62,47.0,105.63,12.29,1.77,78.51,86.65
264.4,139.87,72.46,99.09,3.66,105.53,225.2
169.33,155.69,136.08,31.16,3.45,69.39,184.54
73.26,93.58,190.45,10.24,3.13,80.96,136.76
153.22,238.2,99.69,2.5,3.13,62.76,180.46
220.79,182.74,95.91,42.04,3.45,109.02,211.5
287.64,23.33,132.64,63.72,1.98,132.11,195.57
70.03,134.66,25.18,34.55,4.36,126.92,146.59
266.42,326.07,54.43,84.0,0.9,118.97,219.62
280.62,278.98,184.2,72.23,4.43,7.0,270.41
275.34,292.7,135.64,36.32,1.78,137.22,239.9
192.45,282.27,7.62,73.96,0.71,44.86,159.39
190.8,131.28,44.9,94.17,3.04,133.76,184.39
123.95,48.87,138.15,11.12,1.94,33.56,115.36
226.96,116.26,154.06,32.0,4.1,68.75,212.1
161.73,334.4,168.77,47.41,2.21,113.66,211.84
204.84,392.38,61.97,50.8,3.38,97.84,240.11
131.4,202.6,186.55,55.14,1.61,65.31,160.53
220.79,13.78,112.82,31.46,1.13,103.4,143.55
248.22,64.62,140.83,67.39,2.0,84.6,182.79
48.2,135.61,121.36,65.22,3.07,44.98,123.98
250.71,235.65,28.93,58.63,3.32,98.72,222.21
164.39,39.29,192.81,13.15,2.93,34.62,153.04
254.18,377.91,28.96,48.74,4.94,105.63,276.44
132.23,152.38,54.7,36.91,3.49,5.45,148.38
116.82,365.91,163.66,50.12,4.66,84.57,232.12
274.94,314.4,125.63,92.34,0.68,63.15,220.58
79.09,304.62,168.44,49.09,0.4,48.95,136.09
254.04,246.62,105.57,3.37,1.62,79.78,203.44
147.79,254.45,78.51,45.01,0.77,98.57,152.61
156.66,258.82,184.76,82.42,2.68,144.97,212.28
96.0,255.2,12.07,78.45,2.64,125.79,157.61
174.05,225.95,171.95,52.31,2.92,108.99,205.95
100.94,394.7,50.01,26.48,3.75,74.45,196.91
16.58,295.59,170.5,47.58,4.86,61.86,178.26
85.24,313.01,32.14,57.24,4.4,9.72,174.75
6.88,350.26,118.14,99.99,0.68,57.07,119.29
293.61,94.1,178.18,65.13,1.76,128.01,215.09
289.9,42.68,97.34,70.04,1.35,60.68,175.51
121.57,198.33,150.58,50.16,0.97,71.93,141.18
219.87,210.49,161.91,36.74,2.77,44.42,206.21
107.01,333.38,148.62,81.67,2.81,44.75,188.82
202.97,183.08,185.44,50.5,1.21,13.97,170.97
242.6,232.63,92.13,99.48,3.59,94.0,235.26
284.29,215.56,38.76,46.8,3.69,69.97,233.19
123.06,24.9,14.32,8.66,0.2,92.86,74.19
236.07,249.93,53.06,68.89,2.04,84.3,202.5
83.45,332.94,32.92,6.57,4.46,120.83,190.61
297.15,71.43,113.8,26.55,2.65,113.9,209.7
12.6,241.79,41.06,36.67,1.8,116.86,107.8
183.04,241.51,12.59,74.47,1.34,77.39,162.61
199.55,74.03,12.02,50.44,1.29,56.31,129.31
207.97,58.15,167.16,4.81,0.59,140.35,150.26
40.51,392.22,120.33,62.45,4.1,12.87,182.44
281.87,163.55,74.83,42.32,0.52,27.13,172.85
58.45,98.69,179.37,92.34,1.53,65.84,112.12
188.71,76.82,18.69,50.96,0.32,94.02,117.71
70.69,270.36,196.16,71.48,3.93,6.19,178.78
95.63,247.68,125.18,23.45,0.29,109.3,129.69
166.21,260.99,40.78,76.58,1.61,86.02,169.52
128.07,44.32,137.42,72.65,2.91,75.28,142.9
52.27,358.48,153.86,90.6,2.11,66.41,166.3
55.43,161.81,88.72,5.31,1.48,80.33,102.67
128.35,132.21,173.02,45.86,1.45,28.46,134.32
228.4,190.32,34.39,68.56,4.01,20.76,204.69
269.9,162.13,59.37,11.33,4.87,47.0,230.56
29.82,346.8,23.23,42.24,1.81,107.88,132.26
120.97,372.41,46.12,94.33,0.29,90.3,157.14
34.57,128.35,51.55,44.72,0.28,74.62,67.08
9.89,346.93,183.94,98.57,3.82,87.87,181.28
200.21,314.79,20.23,7.57,2.81,86.09,201.85
182.72,373.01,88.35,72.35,3.94,49.52,234.7
53.09,105.84,108.82,58.94,3.52,19.13,120.26
73.97,235.01,180.25,51.05,4.55,135.03,197.19
11.99,117.07,199.55,97.14,4.44,91.99,148.27
251.31,331.4,151.91,14.71,3.96,106.17,266.43
292.53,12.08,194.3,89.81,2.43,72.28,204.82
44.96,230.28,158.48,69.74,1.61,114.69,136.14
73.29,142.29,192.82,27.38,2.58,89.75,141.66
261.18,135.85,142.92,90.36,2.56,12.8,202.44
278.31,261.51,20.55,44.07,3.09,134.06,237.58
128.79,342.08,83.37,81.79,1.01,49.3,163.19
19.93,247.59,131.09,40.11,3.31,24.99,134.6
16.62,342.74,73.39,85.39,2.34,17.77,132.47
174.32,113.19,58.31,64.39,3.14,109.46,171.05
120.9,212.61,117.59,15.82,1.27,107.08,145.28
13.45,185.71,187.03,65.67,2.23,106.52,126.55
177.06,14.54,11.82,20.75,1.13,137.78,115.2
8.33,227.16,155.0,42.37,4.39,55.6,150.43
237.27,267.99,145.93,18.69,2.49,86.36,222.59
95.4,240.85,192.97,4.16,1.2,94.83,147.95
16.88,297.15,186.49,22.76,0.3,147.02,123.01
178.56,232.82,153.64,54.56,3.41,50.29,205.2
122.32,36.03,106.48,49.19,1.15,143.67,115.85
292.27,55.41,44.83,51.15,4.95,26.57,218.05
165.54,242.63,111.32,26.27,2.72,115.78,192.16
86.2,117.24,154.24,69.15,1.52,96.77,125.23
214.28,41.06,179.66,71.02,3.32,123.45,196.33
85.09,177.55,158.99,37.08,1.45,9.16,120.2
271.75,226.19,43.08,88.35,4.12,16.33,233.47
115.54,138.21,121.94,65.11,1.61,15.11,125.08
167.21,290.97,69.77,71.88,4.94,90.98,230.52
19.92,261.07,6.8,29.18,3.07,92.43,123.96
130.71,139.8,44.04,2.06,4.24,136.39,171.08
250.55,304.4,27.08,86.81,0.46,72.8,191.61
242.67,262.99,169.33,82.6,1.81,14.87,212.65
71.17,258.6,55.41,14.07,3.71,35.38,150.92
71.69,225.84,60.52,38.66,3.31,6.17,137.36
246.11,14.44,192.19,66.81,1.05,117.62,170.26
279.47,281.64,78.92,65.91,1.85,123.26,232.71
33.13,156.66,6.87,86.31,1.39,149.7,97.56
137.77,377.62,60.35,15.75,3.11,64.77,197.56
104.55,329.01,28.26,44.13,1.79,7.8,144.27
261.85,239.2,25.05,11.53,1.61,39.04,187.56
29.64,108.35,20.11,40.18,1.12,90.23,70.84
67.28,89.45,120.69,3.48,2.1,144.48,116.49
226.98,142.75,41.92,90.03,1.06,20.02,153.51
20.13,195.86,75.44,53.65,4.82,22.63,139.55
150.3,125.47,173.09,85.28,0.86,106.76,148.57
135.42,210.82,87.75,7.87,4.58,101.75,194.17
103.65,74.49,183.56,24.29,2.2,41.32,125.51
121.4,391.31,102.1,27.42,1.95,122.91,192.59
161.33,52.09,82.77,39.9,1.23,23.67,113.41
52.6,373.46,151.33,80.68,3.22,139.23,195.61
173.74,366.3,19.27,39.88,3.46,34.15,206.64
242.6,214.89,22.45,22.06,2.39,16.8,183.98
229.25,292.72,132.13,8.37,0.37,54.23,184.63
50.4,180.06,99.95,9.79,4.6,32.24,145.99
49.03,255.71,159.13,76.48,4.9,81.41,188.04
84.11,142.82,183.67,45.59,2.21,104.59,143.19
111.52,127.45,80.73,73.17,3.11,76.18,147.56
125.49,235.51,121.3,68.86,2.31,100.79,172.1
205.51,204.27,102.64,15.27,1.68,57.91,173.83
21.72,236.02,196.41,16.0,0.48,9.05,95.49
15.23,121.8,167.06,76.02,2.33,146.24,120.07
120.61,153.11,182.79,72.68,4.11,123.81,193.78
210.66,42.72,54.6,39.05,0.18,15.65,110.0
62.06,30.39,155.64,9.59,2.95,70.13,110.01
194.24,108.85,56.77,3.19,4.42,97.08,189.1
81.65,38.96,45.7,30.24,1.17,32.64,72.72
266.4,50.47,189.13,2.9,1.0,88.81,173.6
269.23,327.04,8.76,24.55,3.88,82.38,247.49
92.7,25.16,193.25,43.11,1.35,35.2,100.94
72.85,266.99,34.11,13.9,1.04,25.48,108.47
126.33,116.3,164.79,12.22,1.95,115.05,146.27
75.96,349.9,58.8,89.85,2.02,51.78,156.28
203.35,199.15,73.39,59.38,4.38,40.39,209.92
248.69,129.17,47.27,93.58,3.13,111.99,205.51
203.56,211.88,119.18,35.89,2.09,111.73,193.36
248.18,158.96,72.88,68.36,2.72,45.08,196.37
122.11,230.08,133.19,22.06,4.77,131.52,208.39
51.11,54.67,8.05,62.6,0.65,104.8,64.39
222.7,398.83,17.55,14.7,1.12,55.14,197.98
111.34,175.97,24.43,2.2,4.82,66.99,165.91
203.02,145.81,86.7,93.29,4.79,110.37,221.13
84.84,286.98,163.89,56.38,0.97,35.68,141.43
28.96,151.92,178.19,92.84,0.81,72.97,101.09
297.81,334.98,52.74,34.72,2.16,99.77,244.92
51.08,187.17,117.0,34.12,0.34,83.23,96.47
296.58,290.63,154.83,41.26,3.31,93.21,267.73
293.3,51.91,61.32,71.19,0.48,84.2,163.84
239.18,339.99,84.76,57.45,0.38,33.89,192.97
199.53,296.93,107.17,92.68,2.48,64.48,211.38
175.45,92.57,31.3,4.49,4.79,82.14,178.06
260.5,66.66,10.07,71.4,2.19,118.11,176.77
90.38,133.35,34.8,34.37,1.85,99.82,114.16
142.97,390.67,127.24,19.66,4.99,66.86,241.25
187.72,110.16,19.36,52.02,2.71,146.29,167.77
126.3,187.89,41.99,51.5,1.94,20.63,131.72
131.11,21.71,70.88,15.43,1.99,34.99,104.07
102.43,164.92,20.18,21.79,1.06,54.49,103.17
171.45,232.81,42.38,42.0,2.61,38.14,170.57
255.92,381.72,182.7,42.06,2.25,95.69,258.43
64.45,211.53,8.76,33.12,1.43,10.73,95.73
280.66,329.45,132.42,16.56,0.89,30.73,217.58
208.28,223.38,79.96,2.43,1.63,47.54,171.73
247.87,25.91,136.17,97.08,2.59,104.09,188.96
169.08,132.85,119.79,94.46,0.39,132.0,147.2
234.96,234.46,48.58,49.4,0.85,120.78,184.02
9.78,380.73,170.21,99.52,4.74,31.4,191.4
246.42,345.06,100.93,68.02,2.76,86.98,243.97
16.84,99.06,165.39,8.75,0.41,9.35,59.8
267.52,95.84,84.17,13.54,3.5,50.03,200.1
297.63,88.46,197.01,91.78,0.4,121.87,199.8
91.75,369.77,155.25,63.75,3.72,71.22,206.81
67.04,342.54,193.36,84.63,3.77,26.74,193.43
230.78,312.2,105.29,90.03,3.29,68.59,239.19
79.64,163.17,97.37,45.9,3.69,33.71,144.06
260.34,206.71,152.31,6.76,0.53,62.01,186.27
35.34,191.09,176.66,20.45,3.66,75.74,147.18
42.16,108.83,193.01,8.52,0.77,55.69,88.33
293.85,206.96,68.29,20.5,1.76,140.86,218.81
203.78,21.89,160.75,42.23,4.72,86.57,198.0
254.83,61.41,46.08,13.58,2.56,127.22,180.03
100.68,355.77,111.39,18.34,4.84,115.31,219.87
204.56,303.16,40.07,45.69,0.54,100.87,176.2
180.3,174.92,72.74,35.34,2.44,77.05,169.71
182.93,211.69,186.61,47.83,0.41,5.32,155.17
206.35,154.3,33.49,44.06,3.19,93.95,184.74
174.73,298.9,128.32,65.16,0.49,56.61,171.21
131.57,315.83,120.63,93.84,0.96,22.08,160.98
86.4,307.68,28.54,12.57,1.37,69.47,132.58
231.73,291.82,68.57,11.73,3.77,111.66,235.79
71.75,89.76,114.78,85.57,0.9,144.44,107.64
209.24,141.81,41.5,51.63,4.25,59.25,196.06
73.83,193.24,161.12,77.11,0.75,83.69,123.81
189.47,139.01,194.57,23.11,0.27,128.43,158.44
225.39,304.43,46.88,83.23,2.04,53.43,204.95
69.52,138.45,41.45,92.54,4.9,25.63,148.3
22.68,63.91,93.71,64.28,0.64,45.87,58.83
43.64,165.63,150.81,12.38,0.6,135.37,103.72
183.77,392.17,59.91,89.74,3.78,28.11,230.83
255.59,98.09,8.88,79.66,1.63,52.74,163.51
18.27,248.74,110.54,75.59,3.61,72.37,146.27
221.57,178.86,191.54,5.6,1.08,127.83,189.07
105.69,37.7,81.3,80.3,2.35,140.97,126.5
146.17,200.27,86.93,15.52,1.4,66.74,144.12
279.01,283.84,193.94,23.79,2.31,140.13,255.55
102.93,210.16,140.45,58.56,3.87,28.41,172.42
142.27,350.12,145.24,27.97,3.83,27.74,213.19
9.04,122.69,114.73,66.81,2.63,142.64,112.85
29.07,43.64,195.05,61.59,4.65,78.9,137.34
81.28,375.26,139.33,12.6,1.39,31.96,155.41
13.22,157.5,179.53,66.29,1.28,75.76,100.87
191.26,234.8,141.38,92.55,3.11,118.57,218.32
130.79,318.88,148.35,17.79,3.14,124.9,206.02
166.7,136.48,61.63,60.51,0.33,130.28,133.74
56.52,289.3,64.18,35.5,3.08,87.59,152.96
92.3,62.81,157.68,47.04,1.93,130.71,126.47
200.83,123.6,62.86,30.13,3.76,78.95,185.77
289.76,66.44,114.74,36.7,4.06,93.02,224.92
19.87,326.38,53.62,4.83,2.81,115.01,141.09
267.66,96.83,164.31,98.19,0.11,66.69,172.53
175.18,289.79,26.55,63.23,3.22,15.67,188.96
171.36,377.89,166.74,51.07,3.77,55.77,239.15
152.58,215.83,122.53,39.6,1.32,95.47,160.66
25.47,220.61,41.45,54.86,2.38,32.89,106.6
31.51,189.8,110.7,39.25,4.83,26.52,147.55
182.27,137.1,60.09,37.27,1.56,47.5,143.6
105.58,195.51,68.08,47.47,1.19,9.66,115.64
275.59,245.09,73.55,29.05,1.13,112.8,207.11
124.94,394.54,17.35,19.64,2.84,42.51,182.4
47.27,375.73,197.26,56.55,4.75,23.01,204.06
215.84,346.24,11.15,84.59,3.08,106.37,227.91
91.54,356.76,134.19,16.98,1.59,127.22,172.67
160.01,192.46,77.39,5.21,3.23,7.88,164.24
210.86,266.4,130.97,26.19,3.16,38.87,213.15
270.58,359.08,74.47,98.01,3.02,142.06,267.7
238.7,163.25,136.38,83.22,0.88,60.86,179.25
204.53,385.09,147.2,60.39,3.21,141.1,256.25
205.49,172.16,139.66,93.07,2.21,44.76,186.71
284.05,244.42,27.22,45.64,0.19,36.62,179.51
92.27,286.82,133.09,98.36,2.74,36.05,170.65
5.33,380.73,59.6,31.04,4.95,17.36,167.14
85.23,105.4,10.62,25.55,1.81,134.98,106.77
69.28,300.99,85.89,64.53,4.83,147.08,201.78
200.24,213.12,89.54,39.06,0.57,143.4,170.14
191.94,114.74,96.1,63.38,3.69,128.54,195.1
180.07,312.88,142.44,31.89,0.66,127.8,188.23
9.79,225.37,65.22,62.56,1.44,100.86,101.77
219.99,267.78,66.48,29.02,2.9,124.8,216.6
100.44,135.93,16.81,7.0,3.0,35.21,120.93
201.19,197.7,138.93,91.39,3.9,61.25,217.66
169.19,250.77,115.73,88.55,3.12,97.92,205.46
106.11,167.92,73.14,97.14,3.01,131.84,161.62
44.7,87.37,142.51,72.22,4.57,100.77,147.62
32.85,385.04,109.78,68.91,2.32,126.66,167.24
250.3,209.47,96.5,56.78,1.2,73.72,191.28
275.93,296.23,104.71,14.34,0.89,109.01,216.5
196.69,170.31,129.09,20.55,2.06,147.1,187.12
35.51,148.5,133.7,30.37,3.59,27.26,124.97
123.6,168.79,61.35,89.24,0.31,139.4,126.86
220.04,169.59,32.44,18.95,0.73,80.74,151.79
235.05,222.23,35.54,92.44,0.62,98.27,177.08
39.87,221.95,129.68,53.23,2.97,132.29,149.48
5.01,203.89,175.21,72.13,1.29,64.4,105.29
215.08,62.57,84.85,12.8,0.91,65.71,136.13
110.2,203.47,38.06,28.37,3.0,81.44,150.6
80.07,75.95,152.54,95.93,3.83,7.77,138.31
8.8,59.19,167.34,28.08,1.73,77.02,80.73
164.39,373.73,176.71,31.06,2.93,47.21,221.19
256.09,245.93,123.33,21.36,0.58,139.55,201.9
287.5,267.2,172.84,14.65,4.68,17.72,268.73
171.89,166.7,8.01,24.86,1.75,71.6,142.79
156.77,364.5,25.91,64.95,4.99,142.38,242.16
30.09,258.79,23.05,46.63,4.9,135.65,165.69
166.92,309.98,143.96,56.27,3.92,106.7,230.73
117.09,153.74,18.57,13.99,0.2,90.46,98.31
184.1,384.4,101.79,80.61,2.76,45.71,222.15
119.67,329.98,97.18,78.84,0.53,58.21,152.94
75.89,343.04,65.59,4.12,4.49,18.07,179.22
33.01,77.16,174.73,39.58,3.97,118.99,136.19
97.9,115.68,38.23,8.74,4.86,51.96,149.67
33.51,121.39,73.73,79.63,3.08,101.83,118.2
57.18,115.65,155.96,74.25,2.66,56.85,125.23
296.26,343.61,10.93,90.39,2.64,72.33,248.4
136.01,22.44,136.23,25.17,1.99,85.48,124.57
161.9,39.68,164.2,46.72,2.4,121.27,156.14
262.72,116.83,186.79,20.08,3.21,35.62,212.02
298.69,87.95,175.88,38.38,4.67,62.82,246.78
176.9,100.43,67.28,53.18,3.02,23.86,155.13
244.68,321.2,119.34,7.23,4.3,15.99,247.63
101.45,229.62,20.07,72.06,4.33,92.68,175.54
95.19,12.25,55.28,55.24,2.64,32.42,98.84
123.8,177.44,23.37,83.24,1.8,13.67,125.93
203.39,169.08,66.46,28.63,3.23,135.08,196.77
206.25,54.44,175.66,90.53,2.28,82.48,175.43
98.0,273.7,72.7,99.87,0.5,24.52,125.99
44.3,283.82,114.57,92.09,1.95,12.75,132.06
191.56,291.15,89.51,78.23,4.97,22.38,234.02
42.86,294.1,94.49,81.61,0.34,73.34,114.36
175.66,10.02,194.07,58.23,3.51,101.93,175.19
209.56,382.03,62.75,20.64,4.22,97.99,249.73
211.68,327.54,127.33,68.35,3.28,25.94,229.19
227.27,362.55,86.91,71.85,2.89,96.86,241.55
262.49,16.1,16.92,98.57,3.57,63.71,183.67
152.49,374.2,100.42,55.05,2.2,72.39,200.32
220.42,325.82,163.6,28.59,0.55,121.21,207.13
187.66,336.52,24.26,69.0,4.82,53.21,233.12
60.06,46.38,18.57,97.98,2.22,26.31,83.1
12.58,298.12,34.96,19.37,3.36,131.65,141.99
88.94,384.37,154.06,33.95,2.7,35.76,184.87
135.69,274.63,146.18,55.1,0.37,47.63,149.31
187.05,232.52,115.18,18.68,4.77,107.46,228.11
255.74,378.8,96.3,4.18,3.98,104.11,268.29
62.89,182.75,178.22,35.02,0.83,121.06,122.56
42.04,243.72,154.51,86.81,4.91,31.66,175.82
289.23,195.77,163.33,6.26,3.71,56.08,244.04
36.87,373.81,163.59,44.04,2.41,23.25,158.16
146.15,39.67,130.33,76.7,3.1,83.45,152.57
177.74,205.44,94.31,95.41,0.62,47.42,152.33
164.71,277.91,173.61,98.58,2.85,104.9,215.79
30.38,318.84,185.57,43.35,0.46,5.05,115.76
21.82,237.38,9.64,95.14,2.77,13.65,110.76
36.12,364.48,15.05,5.47,2.81,67.72,142.43
177.75,377.38,191.95,75.1,4.38,143.94,270.24
165.58,35.08,59.05,64.99,3.65,134.17,163.52
73.95,166.92,175.31,26.45,1.32,149.13,134.12
193.14,19.15,80.82,51.72,4.45,65.44,175.0
246.92,138.47,28.22,14.7,2.91,11.75,177.56
17.27,219.38,20.69,87.42,3.07,49.36,116.1
151.95,365.21,35.52,37.07,0.93,102.99,172.22
208.35,340.16,53.73,63.35,4.3,24.6,234.0
79.43,59.72,100.26,17.56,4.66,48.5,137.71
95.79,46.28,141.79,22.2,3.9,13.14,131.5
186.02,239.81,197.35,99.21,4.71,73.87,243.62
269.89,217.53,91.09,75.8,1.58,35.29,201.72
243.93,113.89,106.05,96.27,4.32,18.23,213.41
177.02,360.79,106.75,30.99,2.5,64.63,209.21
220.42,371.67,110.19,18.13,0.9,55.93,202.78
112.62,167.02,105.96,51.3,3.38,82.94,162.57
194.08,357.22,6.71,50.48,3.45,113.61,223.96
142.52,159.74,5.34,19.14,1.51,21.32,117.46
61.03,297.36,24.04,73.86,0.23,119.71,116.35
212.01,195.62,24.8,37.45,1.08,8.81,148.91
169.16,57.81,142.45,20.26,2.06,69.25,143.89
110.79,371.89,44.96,34.53,0.92,90.18,156.24
273.85,187.1,179.47,57.24,1.05,143.76,216.93
11.18,296.45,186.08,73.19,2.02,88.22,142.49
98.15,153.2,195.3,49.23,4.81,28.02,180.51
21.78,17.36,188.12,53.51,3.84,80.04,115.43
231.13,49.21,58.02,15.62,1.67,62.39,146.92
212.12,203.53,104.41,91.64,4.76,74.51,233.0
102.75,279.09,39.21,93.01,3.26,33.58,166.09
204.32,140.55,162.21,68.98,2.33,77.62,187.69
121.8,281.24,178.24,3.73,2.39,26.76,172.01
228.09,282.47,171.0,54.63,2.11,112.89,227.47
138.98,284.54,89.51,63.66,1.24,91.12,164.59
126.62,202.08,152.94,99.48,1.99,16.39,156.33
280.75,366.81,24.03,99.61,2.69,133.99,259.62
79.01,200.79,12.85,86.05,2.69,94.38,136.76
40.53,185.6,151.88,8.26,3.83,50.84,142.05
177.44,87.76,87.94,95.42,1.86,11.62,140.88
290.95,129.99,199.13,62.04,3.61,96.67,247.14
116.46,26.51,23.96,80.49,2.93,59.15,116.39
23.3,257.08,171.85,41.9,4.81,136.6,183.39
105.1,106.93,98.6,33.33,1.99,10.06,112.87
154.25,128.62,166.29,47.4,4.52,10.67,186.45
52.77,310.62,164.34,16.39,4.12,142.65,192.74
199.14,137.62,183.62,36.99,3.22,144.91,208.53
299.34,104.46,63.08,86.05,3.31,9.02,209.65
138.26,75.93,190.21,5.72,0.51,108.82,123.64
109.64,312.19,34.58,16.79,4.76,37.12,190.07
123.21,60.59,20.98,14.26,0.62,106.7,91.34
38.97,186.96,89.17,41.5,2.86,130.97,133.05
265.57,207.7,166.52,99.7,1.72,19.62,211.42
127.37,278.08,97.32,18.99,2.21,39.62,162.1
119.25,256.98,166.71,16.26,3.09,8.49,173.35
199.61,326.18,147.29,91.68,4.55,11.36,246.34
135.4,27.45,45.84,88.44,2.34,9.29,111.9
196.23,125.61,190.03,5.16,4.94,121.1,224.9
23.13,119.25,16.85,75.67,3.0,48.25,95.51
245.05,66.95,180.16,66.24,0.89,76.52,169.83
282.45,122.78,64.37,77.24,1.03,119.24,188.27
196.39,130.81,102.53,50.46,3.61,76.77,190.79
286.6,213.53,87.36,99.16,0.35,67.23,195.65
49.67,268.84,38.51,6.3,2.45,6.68,117.85
145.84,158.63,74.84,24.97,0.83,87.37,129.28
182.53,290.59,42.62,40.86,2.22,23.09,178.42
176.61,141.1,44.76,46.08,3.77,115.87,184.19
123.43,123.21,41.48,92.29,2.35,42.37,131.04
104.73,221.06,100.36,56.88,0.9,102.76,135.78
42.41,19.25,160.6,6.42,1.33,98.7,80.37
120.56,41.12,115.95,41.97,1.9,94.42,120.72
52.98,173.01,179.18,42.82,0.44,43.71,100.12
221.64,377.74,129.13,96.62,2.96,43.73,244.24
66.61,291.39,139.42,60.72,3.08,130.14,177.58
22.28,44.37,135.18,64.29,0.4,6.86,51.59
167.95,340.06,92.64,71.9,2.07,31.32,192.05
180.59,295.6,139.42,77.46,2.13,93.47,205.97
262.21,248.27,18.59,64.24,1.74,123.47,208.31
175.21,329.91,172.67,25.25,2.83,56.96,215.53
106.92,167.6,156.67,87.66,1.8,99.75,150.44
241.89,96.39,52.82,73.75,2.14,85.79,176.3
164.38,209.69,154.77,74.7,4.01,14.36,200.65
28.39,224.05,7.47,99.66,0.89,95.15,94.94
171.93,219.95,47.36,80.65,3.13,123.02,193.39
272.87,230.38,17.7,83.26,2.58,148.91,227.2
121.91,379.99,157.14,95.24,1.59,9.3,183.18
92.42,361.88,152.4,16.81,3.66,100.71,203.96
47.32,351.53,163.66,50.78,2.8,65.11,170.64
49.68,322.55,5.87,58.9,2.44,6.42,128.7
132.67,377.94,102.74,34.27,3.37,94.08,212.18
180.73,48.41,142.44,84.26,4.03,22.75,175.65
28.78,113.4,35.3,76.72,4.87,59.89,129.13
282.17,203.07,131.71,72.65,3.18,42.9,234.7
227.76,340.15,21.4,99.72,4.38,57.37,246.69
178.05,207.01,40.36,27.42,0.11,76.44,134.47
249.39,301.73,97.78,74.07,2.7,57.09,231.21
28.66,64.19,132.45,56.04,1.15,85.15,79.82
145.67,108.44,33.44,32.67,0.56,39.6,102.6
190.88,295.39,41.12,17.74,2.71,97.13,198.54
249.45,74.25,44.87,89.8,3.76,128.8,206.05
236.12,147.03,51.55,60.35,2.12,37.49,175.05
86.74,113.3,49.18,82.84,3.38,78.64,135.56
282.56,146.45,82.05,55.44,2.5,99.06,212.52
41.68,286.25,132.49,23.56,2.24,86.87,142.81
263.16,153.46,90.42,35.08,1.52,58.02,184.56
291.43,226.55,156.31,39.39,1.97,98.12,233.61
57.26,48.97,145.26,97.35,1.81,9.1,92.8
218.01,323.96,29.67,2.55,3.27,58.64,214.49
16.88,154.26,14.52,98.6,0.67,82.23,72.0
124.6,262.93,176.2,98.09,0.55,7.99,148.17
157.3,292.9,20.57,99.62,3.33,78.61,196.35
176.29,91.77,33.93,48.71,2.78,99.87,155.46
281.1,355.02,9.32,96.45,2.21,115.09,244.87
203.31,250.33,127.53,40.77,0.85,21.44,170.52
146.98,177.2,118.56,4.58,2.11,148.63,166.48
243.85,81.11,197.45,23.99,3.97,92.89,219.26
285.41,377.5,177.95,94.64,4.46,57.66,301.36
11.51,304.48,85.11,3.35,3.54,41.12,137.91
294.84,91.13,77.46,55.51,0.39,88.07,172.45
30.41,141.71,62.89,9.41,3.39,132.85,121.58
245.24,325.77,34.72,30.07,1.28,80.48,202.75
87.7,281.31,31.93,10.63,1.64,100.91,137.0
43.99,308.66,30.8,86.23,1.06,56.87,117.0
134.76,182.07,27.25,59.92,3.9,61.28,168.11
194.97,289.43,51.9,90.41,3.28,46.5,208.84
117.38,160.73,64.8,69.46,3.1,107.32,158.33
21.1,92.39,192.51,97.16,3.37,57.08,124.67
181.84,256.74,117.8,51.97,1.26,32.65,170.75
271.21,390.65,197.58,64.59,2.28,58.56,265.68
118.05,131.13,77.63,58.48,3.2,128.8,158.3
68.82,189.78,94.24,49.46,3.22,112.05,149.66
135.56,272.86,68.29,84.9,3.98,53.52,195.26
19.27,221.19,40.66,65.16,1.51,136.49,107.64
247.04,338.94,32.92,80.53,3.87,15.85,240.09
248.77,307.08,189.29,79.06,2.26,12.21,232.91
178.46,32.74,197.43,20.72,3.38,23.48,163.9
109.17,399.38,13.76,65.72,2.33,21.89,170.46
240.94,303.44,34.32,21.57,4.75,17.74,238.25
168.63,346.92,87.59,59.17,0.98,100.89,185.71
248.65,263.97,41.34,68.39,3.41,92.12,230.22
191.28,343.95,75.96,99.73,2.93,98.9,225.38
236.4,53.83,30.17,4.99,0.95,104.81,140.27
181.58,145.62,94.02,10.94,0.42,114.75,140.51
127.17,351.8,57.98,9.55,4.02,35.04,196.37
287.59,88.65,73.62,41.04,0.87,95.23,175.27
164.63,40.51,23.39,82.52,1.01,89.11,114.29
183.5,317.37,88.48,84.72,4.89,141.83,253.31
70.04,335.84,196.74,74.22,3.61,38.69,192.14
189.57,73.43,69.12,89.89,1.33,13.51,131.81
173.62,343.19,175.9,33.64,3.0,99.76,227.74
59.53,277.84,169.42,10.64,2.72,112.33,163.46
22.58,212.83,190.65,7.7,4.24,46.06,151.44
183.29,333.8,159.07,85.51,3.67,87.77,240.76
230.29,173.51,133.62,73.58,4.18,13.63,218.9
159.4,85.66,172.03,70.46,1.14,144.21,152.42
71.9,121.09,19.75,35.29,3.24,20.94,111.17
201.62,207.01,95.25,39.23,0.3,14.8,146.94
28.63,217.22,197.9,95.9,0.44,11.4,102.45
135.34,324.18,155.07,8.25,3.6,66.95,207.05
53.19,318.63,192.6,77.83,0.22,19.09,127.83
59.42,236.73,157.03,32.34,2.94,112.97,158.96
64.68,314.51,175.6,5.83,4.22,135.34,199.27
119.08,84.79,142.77,74.77,1.96,42.73,129.32
20.09,29.53,153.3,34.43,0.32,96.17,59.6
122.35,350.72,107.02,72.77,3.6,11.14,198.05
155.95,39.47,185.23,71.35,4.66,61.05,184.18
147.57,106.21,165.88,54.41,3.61,47.48,171.93
117.92,281.17,169.56,78.18,2.93,38.15,186.39
252.55,169.68,136.24,58.94,1.23,98.48,194.47
47.87,351.76,64.39,30.09,0.18,23.88,108.38
154.18,126.21,11.95,73.94,3.5,129.8,168.13
23.3,14.63,187.45,59.74,1.23,101.4,80.03
25.99,127.26,119.29,3.25,4.3,108.06,134.85
174.29,235.45,63.14,90.36,2.39,140.62,192.18
171.98,156.62,34.08,55.47,2.7,141.64,172.52
264.02,218.6,166.76,87.13,3.79,84.99,252.72
169.57,351.87,168.12,88.51,3.92,76.83,242.59
288.14,365.87,163.83,45.61,3.25,53.63,274.34
19.36,113.73,130.79,51.75,4.7,108.76,142.07
33.91,190.23,76.37,42.74,4.91,83.04,153.5
18.0,224.17,64.29,46.04,4.74,140.27,158.42
59.66,380.15,6.67,89.72,4.14,39.6,177.88
164.67,399.46,167.55,79.24,3.56,49.99,239.68
195.44,101.81,22.05,14.4,3.35,50.83,161.17
18.45,293.52,128.0,61.81,0.61,121.87,118.87
284.06,157.43,103.29,99.6,1.43,19.36,194.92
253.44,13.16,107.7,60.36,0.13,71.07,138.78
92.5,13.61,185.71,79.02,0.77,67.0,97.13
27.77,189.62,11.16,77.37,2.25,15.61,94.57
55.12,200.45,155.81,36.33,0.82,64.57,111.1
42.45,18.8,15.15,38.44,4.52,79.44,106.54
41.37,277.9,12.44,72.96,4.05,14.44,144.17
157.98,124.66,88.81,51.0,0.45,78.93,125.15
77.52,228.36,17.3,57.92,1.32,144.09,126.48
110.65,127.36,158.88,71.86,4.11,146.94,184.49
296.9,75.18,108.26,78.2,4.03,82.09,230.7
206.87,168.8,10.66,28.61,4.73,79.69,203.91
284.95,100.59,12.9,16.39,4.99,46.4,219.45
47.05,218.57,124.47,30.6,4.88,149.58,179.96
117.73,87.54,162.19,51.74,2.11,44.76,132.46
168.65,208.28,90.37,35.53,1.33,70.67,156.72
27.64,71.38,113.14,57.7,3.82,5.43,106.13
6.24,271.68,160.97,7.24,1.57,55.64,113.54
202.78,304.04,124.05,51.96,4.05,15.36,228.8
194.34,53.05,48.83,38.06,2.72,112.85,157.15
126.18,192.44,124.55,54.4,3.99,86.35,185.89
149.45,37.64,127.51,43.41,1.45,87.96,125.75
127.56,243.29,148.15,29.85,2.59,46.54,170.71
12.08,113.12,126.07,90.6,2.86,123.16,116.86
103.93,215.77,194.0,20.11,4.72,5.47,187.48
57.24,211.81,43.47,68.77,1.41,53.37,107.76
34.04,370.5,190.46,92.62,4.69,100.63,210.99
287.23,224.14,109.98,54.79,4.04,136.65,262.85
181.81,237.37,136.03,87.89,3.68,39.02,210.47
219.95,166.64,24.4,14.24,3.96,83.46,198.25
98.03,380.14,79.21,50.39,3.07,83.01,190.61
120.98,313.1,155.03,46.79,1.3,131.76,178.15
74.89,121.31,142.85,2.8,1.03,12.32,93.2
33.6,339.24,12.83,45.44,4.35,66.55,162.92
57.81,178.63,111.59,38.16,3.65,31.46,138.92
240.27,333.18,22.21,67.64,1.14,8.12,191.23
204.88,330.93,199.19,93.96,3.11,26.32,238.07
166.34,83.66,179.97,10.41,2.29,146.59,167.69
145.15,283.45,9.11,34.09,0.88,36.15,138.11
277.12,123.35,172.44,45.52,2.71,140.58,227.61
26.46,126.02,184.29,46.61,1.48,34.76,95.5
87.78,125.58,73.94,77.93,0.57,140.04,108.69
108.23,292.97,145.3,45.45,2.39,99.92,179.04
235.82,99.63,91.21,4.66,2.99,21.42,176.49
297.79,10.35,132.77,71.59,0.33,89.38,166.62
76.0,288.94,71.36,88.71,2.07,51.18,146.49
262.92,76.76,67.9,52.36,1.36,60.56,165.46
250.03,50.75,87.76,58.95,0.25,68.82,143.3
71.27,102.63,33.39,17.97,0.72,66.29,76.52
122.8,158.16,167.07,23.62,0.78,101.3,135.09
125.85,195.6,73.0,25.05,1.0,116.41,135.32
293.58,27.38,83.03,44.21,4.04,52.73,208.24
58.36,388.52,179.34,92.96,2.25,139.03,191.9
240.75,289.26,101.84,53.13,0.82,141.08,208.22
103.59,136.05,111.13,20.83,0.59,10.9,97.9
220.61,134.29,191.52,28.08,1.56,7.16,171.11
128.9,184.93,177.91,39.63,4.01,66.63,189.35
175.62,254.24,38.05,63.08,1.89,90.64,174.99
250.62,67.09,97.28,45.12,0.88,45.3,152.82
242.23,83.68,194.4,40.46,2.08,42.61,184.43
260.59,345.18,77.61,57.34,2.82,103.36,248.47
22.59,109.94,77.46,25.7,0.24,92.25,62.72
209.15,158.28,43.03,9.73,3.18,29.24,174.76
46.3,349.8,27.29,4.39,2.04,133.25,143.54
127.67,268.63,149.36,26.62,0.15,103.6,147.61
166.83,143.27,155.16,10.98,3.4,57.57,179.42
123.81,276.64,193.96,34.96,3.59,104.13,206.92
158.29,17.68,155.82,77.75,3.18,21.33,148.92
298.98,296.9,52.45,72.2,1.78,72.9,231.62
44.89,199.94,12.82,61.87,2.7,29.5,110.9
204.26,327.14,197.16,85.55,2.0,11.01,216.87
121.82,382.31,71.39,29.64,3.53,54.06,199.97
44.24,371.06,65.83,88.74,2.96,26.86,159.08
51.83,364.61,181.66,41.13,0.5,96.86,147.06
285.04,209.75,119.09,41.29,3.25,102.74,242.13
264.48,150.46,46.9,41.72,3.47,26.56,203.09
272.58,191.36,178.37,11.61,1.92,8.57,205.25
297.5,279.06,198.71,97.6,4.39,119.96,298.24
66.45,354.76,21.9,15.57,4.23,5.3,166.63
109.85,90.72,173.14,35.41,0.96,54.87,114.2
202.42,368.1,81.15,33.29,4.53,76.71,249.56
147.72,327.92,107.19,9.32,2.26,123.7,194.14
128.42,391.75,183.39,16.92,3.65,126.59,232.61
110.55,353.3,194.81,6.4,4.09,110.12,222.6
180.17,119.18,56.12,30.66,2.58,40.84,152.14
174.8,51.32,46.51,86.93,2.06,109.43,143.1
52.63,53.77,20.7,35.27,4.59,40.75,113.34
144.16,123.58,114.55,14.12,1.23,36.12,124.86
168.27,249.53,7.65,65.28,1.36,84.33,157.93
173.23,323.68,85.32,99.67,1.87,103.43,200.39
66.98,360.71,19.31,24.77,4.31,12.69,170.88
223.97,253.26,84.02,29.4,4.7,13.7,228.34
12.43,12.2,12.79,97.24,1.18,118.7,54.54
109.68,82.66,167.87,19.52,4.33,129.63,171.97
235.16,48.89,45.9,52.1,1.37,92.64,150.31
171.35,151.7,69.02,25.49,4.86,67.18,194.7
82.04,205.53,174.66,93.37,3.03,127.57,174.0
210.01,26.92,150.52,98.19,0.13,110.68,140.41
172.38,145.91,47.71,81.84,0.27,89.04,130.84
239.89,79.88,19.02,32.85,0.82,51.36,138.12
221.83,262.36,144.56,41.54,1.02,33.71,187.39
184.98,191.07,81.19,25.75,3.86,65.71,194.73
149.01,203.17,154.39,89.29,1.19,46.59,157.19
44.29,176.8,91.83,91.63,4.85,54.19,156.87
82.09,382.85,72.47,43.05,3.22,79.77,184.8
128.63,93.75,92.99,66.34,3.49,29.52,147.61
181.79,211.5,150.97,18.22,1.17,121.9,175.28
156.54,297.05,180.93,44.62,4.47,26.1,224.66
90.01,227.17,14.7,63.89,3.37,74.74,151.83
6.91,372.32,107.2,39.77,4.34,113.17,179.29
151.39,157.41,11.4,37.04,4.79,75.33,180.55
89.26,190.83,96.34,2.1,0.72,57.35,107.87
221.71,44.52,177.63,80.82,0.57,73.86,151.99
12.06,247.51,75.51,89.16,4.04,128.06,154.33
177.52,122.4,186.83,97.01,4.34,148.61,220.67
282.73,72.52,127.97,72.49,2.96,96.52,212.93
56.45,222.37,187.16,55.78,1.89,120.05,147.11
144.14,217.6,152.65,28.39,3.3,7.1,177.44
31.97,39.59,25.17,99.93,1.6,132.65,78.34
189.58,282.3,50.07,59.8,1.27,143.34,186.3
167.41,253.27,81.86,68.75,2.49,88.4,187.41
125.17,83.72,38.17,68.88,1.16,114.3,113.96
158.81,193.08,101.51,84.83,2.47,79.35,174.8
269.49,290.93,96.92,2.95,4.79,46.5,259.6
62.91,216.48,191.47,23.58,4.21,128.58,182.05
11.66,164.24,89.58,67.22,4.71,91.54,142.11
259.19,135.71,158.2,89.72,4.05,89.01,237.64
175.25,248.05,188.67,69.16,1.84,100.57,197.59
267.74,376.25,176.01,42.52,4.08,129.12,293.56
181.1,271.98,45.69,37.43,4.62,111.13,223.44
244.0,39.15,101.73,74.32,4.74,35.61,204.57
131.75,189.67,72.81,74.64,3.45,72.69,171.64
226.21,357.42,82.97,61.49,1.14,147.14,219.67
274.35,46.84,75.36,30.56,0.29,85.41,150.7
173.78,395.66,166.14,92.67,0.82,141.05,216.31
58.33,380.14,93.17,56.08,4.83,122.94,209.85
84.3,40.53,107.12,79.47,2.36,101.57,116.54
63.6,374.03,196.58,23.0,4.29,55.66,204.72
77.82,151.62,16.7,35.72,2.38,49.13,110.58
95.39,339.44,100.15,87.71,3.34,98.3,194.65
168.76,173.17,155.94,6.91,0.22,67.72,139.65
178.46,181.93,34.48,52.21,1.32,120.82,156.15
130.82,257.35,124.25,49.21,2.24,115.27,178.21
186.55,312.05,51.7,75.62,3.19,50.26,207.74
29.06,23.18,174.14,29.63,0.94,106.9,75.49
30.9,241.33,68.78,23.47,3.85,76.71,142.49
55.69,82.83,69.17,92.76,1.89,51.88,94.56
157.83,144.92,121.65,58.03,4.11,64.88,187.48
68.13,145.71,40.79,12.26,0.58,134.83,92.66
88.57,192.93,60.55,20.92,3.43,57.13,145.22
123.09,140.31,86.24,99.88,1.54,46.67,130.29
244.5,51.87,73.96,21.17,4.0,56.01,189.75
9.09,66.8,107.35,61.83,2.07,36.12,75.76
196.57,23.04,121.93,43.17,3.36,83.97,168.84
202.32,193.4,115.5,88.79,4.68,26.38,219.94
240.6,382.23,132.56,76.01,0.2,123.53,221.72
280.16,55.11,65.01,60.5,0.15,37.71,146.86
10.94,379.04,29.65,3.05,3.87,91.72,156.81
50.37,296.01,153.36,88.22,3.27,23.13,163.65
266.42,258.62,170.9,45.58,1.54,146.88,233.55
140.26,261.66,55.12,93.29,2.52,70.91,174.51
171.55,332.42,84.38,50.56,0.31,124.21,176.03
200.59,51.7,102.22,70.03,1.04,116.45,146.03
205.32,206.85,109.0,8.79,2.18,108.49,189.7
279.86,281.87,133.6,75.02,4.19,124.97,277.41
299.1,238.86,13.11,35.12,2.45,19.57,212.58
217.45,334.78,145.69,36.43,2.97,103.38,239.54
89.73,38.19,17.08,13.63,4.38,43.54,119.71
264.53,279.37,96.32,16.39,1.61,118.95,219.81
19.52,218.27,166.4,20.2,3.53,143.75,153.01
73.17,157.87,92.99,34.16,4.32,135.72,163.4
269.73,142.71,34.07,89.41,1.09,21.67,170.13
80.58,252.12,197.08,38.09,1.85,58.59,152.52
70.09,357.49,178.41,72.99,4.9,57.83,215.78
45.75,203.51,155.41,10.11,4.92,22.73,160.5
258.44,331.64,85.24,59.93,1.19,19.23,209.27
152.52,166.84,40.85,49.23,0.43,60.81,120.93
204.09,49.93,188.58,97.84,1.43,148.85,173.43
75.52,33.99,108.81,84.93,2.05,87.5,105.68
228.62,30.02,171.21,46.57,2.26,95.16,175.98
229.2,158.26,71.71,77.96,3.13,73.3,199.86
97.22,141.52,70.38,20.92,4.51,101.04,162.61
126.15,290.0,197.18,57.11,1.72,143.72,191.09
66.86,299.7,106.76,9.31,4.26,90.36,181.16
293.09,29.83,32.44,36.11,0.56,14.43,142.21
195.45,96.24,47.84,24.13,0.31,76.47,123.07
280.69,116.96,98.98,72.45,2.57,148.95,218.65
94.5,223.57,13.28,50.03,0.39,61.17,104.57
235.66,66.36,95.19,75.6,2.02,91.11,173.39
230.93,62.24,86.69,52.5,4.49,20.46,193.56
209.04,378.08,156.97,10.48,1.28,25.47,206.89
289.86,323.64,74.21,74.07,3.56,131.83,272.38
121.1,80.46,196.6,83.66,1.58,48.55,133.39
43.56,168.56,40.25,90.55,0.32,49.29,78.42
203.15,148.69,120.24,58.06,2.83,61.15,186.43
220.15,318.49,22.49,75.85,4.19,145.14,247.35
174.64,208.98,148.1,75.7,2.11,17.24,175.62
66.01,59.86,198.98,17.26,3.12,123.72,135.38
153.81,298.21,164.73,18.09,4.51,54.53,223.52
97.1,164.79,113.36,8.95,3.97,128.17,168.46
131.1,112.54,99.52,33.35,1.05,148.8,131.28
195.34,156.44,167.83,48.4,3.69,55.56,203.18
224.84,204.13,187.51,99.79,2.56,23.76,210.82
73.51,143.82,197.9,44.24,3.76,25.93,152.49
124.57,104.34,82.33,73.17,2.52,115.02,145.46
84.4,165.42,198.23,69.95,0.73,26.01,118.38
63.6,17.48,35.41,22.04,2.89,42.76,86.25
236.1,311.27,54.44,7.73,2.51,34.64,208.5
273.23,76.67,22.36,55.51,2.64,56.57,181.58
114.22,27.12,57.99,70.63,4.41,15.78,135.34
226.63,264.94,154.75,99.83,4.48,129.23,263.49
269.61,311.84,171.32,37.14,2.32,129.72,253.92
254.61,327.39,156.88,89.84,2.33,64.88,244.57
58.93,202.47,128.06,39.43,2.62,93.75,140.65
287.11,90.09,105.22,69.56,2.65,98.08,210.0
116.12,297.52,143.2,60.63,4.76,113.64,221.89
105.08,282.89,81.21,7.19,3.28,80.5,172.82
23.42,106.05,169.06,9.68,1.46,79.0,90.65
148.42,362.33,137.05,4.03,2.7,96.54,207.84
37.16,50.7,141.07,38.34,3.17,106.94,113.64
78.32,393.25,109.51,75.09,3.23,55.27,190.73
98.5,345.5,177.62,18.93,2.97,52.9,189.49
243.6,278.28,54.14,61.37,0.97,44.11,188.54
263.27,376.11,79.32,30.31,0.26,84.58,212.12
94.23,291.7,156.64,80.11,1.76,57.22,162.45
258.32,84.28,101.09,80.24,2.19,83.35,188.79
257.88,182.44,178.4,77.99,0.4,63.87,189.82
230.57,37.89,72.55,53.43,4.09,126.33,196.38
48.28,161.97,77.02,29.89,1.79,15.6,95.38
208.65,299.23,178.3,81.33,4.58,87.97,260.03
283.78,160.71,95.55,20.24,0.86,88.47,188.13
206.35,138.81,105.64,30.4,0.38,60.64,143.97
102.83,242.19,69.89,20.03,2.46,66.05,148.91
152.67,350.16,58.95,68.07,1.03,121.02,180.3
195.49,28.56,132.91,69.25,4.69,45.7,188.02
155.62,160.33,28.37,65.95,0.15,131.35,127.12
40.39,71.71,176.46,42.73,2.12,134.97,113.31
97.06,281.19,156.94,11.82,4.64,99.34,204.3
241.71,51.23,42.2,91.29,1.98,117.06,169.7
259.12,269.28,140.33,51.76,0.56,93.88,206.15
45.5,121.61,122.51,41.88,1.58,81.16,101.03
285.95,87.58,40.98,59.7,2.54,145.17,203.89
102.0,375.18,58.27,20.89,1.01,45.98,148.67
200.38,17.22,84.75,14.99,2.39,27.35,137.7
226.79,180.73,141.35,41.74,4.2,46.69,222.21
244.52,18.43,129.55,24.27,4.38,94.12,203.11
284.0,198.6,108.79,25.94,0.34,31.85,182.13
97.31,205.41,154.84,89.47,0.89,136.78,146.02
258.26,135.45,152.8,54.01,1.45,64.6,190.14
43.85,61.54,125.48,49.38,3.01,128.24,118.07
212.99,156.79,158.46,69.57,1.87,41.14,181.48
223.88,272.18,70.18,95.25,4.24,50.41,235.14
204.93,315.13,176.84,13.0,3.61,13.59,229.04
79.43,216.99,124.91,83.69,0.59,42.38,117.52
262.55,240.04,165.36,59.23,3.16,76.1,242.57
54.81,88.24,111.52,16.32,0.65,142.19,89.07
20.82,122.06,47.6,31.12,1.35,61.39,72.45
216.65,73.14,110.77,49.27,0.97,97.76,152.07
145.27,107.23,77.37,69.74,0.95,67.02,122.4
255.48,97.71,141.01,25.78,3.12,11.78,194.04
118.1,212.59,97.78,54.42,2.86,78.01,164.49
54.64,229.45,168.04,69.1,0.96,14.56,116.48
251.75,378.53,137.22,45.98,4.95,133.14,295.84
166.93,86.27,138.49,86.58,2.17,114.19,163.09
60.81,260.25,47.35,87.21,0.58,59.9,109.82
217.51,328.73,196.93,48.13,0.69,97.83,212.14
155.78,228.49,169.13,97.35,2.96,21.24,190.72
183.27,109.45,158.86,9.41,4.9,106.87,209.46
140.97,112.39,69.39,2.33,2.9,124.3,151.69
249.47,25.31,109.45,39.31,4.75,124.15,215.07
249.72,129.12,31.74,60.91,2.28,46.22,177.64
214.27,300.4,110.0,63.66,2.24,43.24,208.67
36.09,28.53,33.45,48.69,2.55,80.6,80.37
252.46,95.53,112.84,14.24,3.52,145.33,213.0
202.95,285.43,131.5,18.71,1.9,138.48,209.15
210.62,315.23,81.09,85.51,4.33,57.15,241.58
112.08,187.57,102.22,87.06,0.24,118.08,127.75
264.39,282.25,175.75,68.04,2.25,138.59,249.98
218.98,161.3,26.17,67.09,2.6,42.83,175.97
38.21,72.37,159.39,60.57,3.07,125.39,124.65
125.29,165.28,38.3,21.89,1.45,43.84,119.47
266.48,236.19,12.16,43.97,2.19,54.78,201.19
18.92,379.74,41.19,70.2,2.47,33.83,138.9
288.62,36.81,154.18,54.65,3.47,78.53,215.17
205.35,207.88,84.0,3.82,3.89,127.28,214.15
191.26,138.28,175.14,95.45,3.72,81.57,207.94
84.81,208.24,107.32,84.79,1.77,22.9,130.19
78.39,19.35,9.34,27.53,5.0,41.51,120.57
282.91,132.08,144.76,62.41,4.26,86.61,244.4
92.99,329.75,26.5,92.48,1.37,89.56,150.41
233.77,226.04,158.93,11.41,1.06,88.65,192.84
120.97,185.73,37.78,51.3,1.64,16.17,123.34
46.08,121.35,72.36,46.71,2.32,114.29,110.12
8.16,126.24,153.45,42.2,4.27,136.87,140.31
165.56,159.41,191.08,83.89,3.91,79.03,205.72
292.85,335.87,77.43,39.3,4.27,109.23,280.31
113.9,387.21,166.73,8.24,1.43,137.53,190.95
110.37,181.08,42.2,8.45,3.01,98.18,147.39
106.51,163.41,162.4,6.19,1.49,102.78,138.0
158.56,340.15,133.21,42.1,0.63,109.6,181.6
135.0,176.49,42.58,72.4,3.45,42.77,161.13
264.57,225.29,63.99,21.96,0.8,89.49,188.12
154.13,100.07,30.7,65.35,3.37,127.12,162.45
154.79,299.97,79.68,69.33,3.28,47.94,197.11
45.82,217.48,44.71,27.01,4.07,135.09,152.55
294.91,325.52,130.58,60.85,0.78,94.96,234.74
78.74,314.49,198.93,69.12,3.94,66.36,200.18
26.64,93.85,7.34,47.73,5.0,95.36,124.55
200.63,289.1,110.48,35.0,4.27,63.27,231.68
180.63,322.02,116.86,62.68,3.78,126.52,236.19
127.47,144.98,183.27,97.83,3.34,74.94,178.67
129.55,77.32,103.67,43.83,2.17,135.68,140.07
236.59,11.03,111.02,40.39,3.68,78.92,184.57
62.74,185.85,96.97,47.5,3.65,100.75,151.4
246.97,147.45,57.44,9.47,3.19,149.67,208.21
196.38,226.41,15.93,56.21,4.0,26.31,195.82
128.6,83.34,84.69,34.21,2.3,111.83,135.49
140.12,345.27,15.26,13.9,0.69,25.14,142.96
80.71,110.52,112.35,47.69,2.84,126.64,137.6
226.87,98.31,64.92,2.33,1.4,91.49,155.09
156.3,197.48,109.05,41.37,1.98,141.03,173.42
99.65,204.55,31.19,12.36,0.19,130.56,109.05
180.83,93.88,186.86,4.38,1.98,15.86,151.59
298.74,116.03,179.43,82.8,4.06,24.91,242.58
133.4,76.19,42.05,91.79,2.76,92.17,139.3
276.6,290.2,71.97,22.35,0.15,80.16,195.96
106.78,310.33,124.63,54.85,2.4,29.44,169.41
21.15,190.31,23.66,29.24,1.53,23.76,79.48
65.25,288.49,74.14,50.37,2.44,86.78,149.57
128.52,297.01,53.97,44.79,2.08,12.09,156.44
69.79,63.93,183.53,28.37,4.67,131.69,160.82
5.07,386.81,171.24,70.64,0.3,122.03,134.97
274.93,330.2,118.07,14.4,3.45,118.88,264.74
253.94,89.75,106.47,7.2,4.27,7.32,201.37
223.98,82.6,186.49,77.23,4.8,11.91,215.6
54.51,59.01,186.82,67.26,0.97,84.73,95.62
40.51,63.97,194.02,50.86,2.7,149.19,126.11
24.94,301.78,29.45,47.84,0.31,54.64,92.43
218.59,193.17,36.31,50.75,2.55,54.93,183.02
279.0,315.34,136.96,44.83,0.71,24.47,214.09
132.01,301.04,110.58,40.5,4.21,102.78,212.15
40.15,245.8,8.6,50.97,0.66,98.77,96.29
156.16,277.68,17.09,53.79,2.62,19.69,168.12
107.91,17.16,178.18,69.81,2.65,72.77,131.02
115.57,131.59,174.43,71.7,4.86,101.73,194.06
188.29,258.75,74.67,39.01,3.31,76.56,203.29
217.02,13.64,178.75,42.53,1.51,102.78,158.68
37.63,22.86,120.77,38.62,1.28,123.36,79.3
15.5,342.24,162.15,54.58,0.73,104.44,131.02
298.33,276.77,88.35,46.43,3.81,94.34,263.83
73.65,113.49,27.11,89.18,3.48,128.77,136.73
20.88,278.31,89.58,70.24,3.09,135.59,151.14
61.01,319.06,94.17,90.07,0.3,61.39,125.06
16.49,129.65,112.43,71.5,3.84,30.12,118.63
120.58,24.05,25.59,97.16,3.25,123.59,133.82
241.71,373.78,198.32,64.3,4.82,35.99,285.36
105.67,144.62,52.61,96.43,2.98,139.7,154.34
136.03,51.53,43.72,17.5,1.59,8.32,98.12
204.3,201.82,107.73,7.14,1.97,138.58,189.29
155.12,309.7,109.76,58.75,0.96,90.43,174.32
259.13,96.44,90.77,98.38,3.64,117.34,218.63
260.48,115.1,155.52,42.93,3.57,62.78,217.77
7.92,104.66,105.75,22.78,1.08,148.8,80.81
234.52,396.75,123.89,53.11,0.88,37.99,215.9
140.92,86.99,146.13,65.58,0.48,43.33,115.9
296.71,234.45,9.88,32.89,4.57,12.46,240.74
147.55,370.85,116.28,72.05,1.24,141.37,197.67
296.13,67.29,177.42,97.56,1.79,71.12,205.75
227.6,388.63,8.39,89.9,1.47,102.85,216.56
78.34,379.52,84.01,30.58,2.13,104.68,170.5
163.83,354.98,185.61,34.02,3.6,131.8,241.52
297.68,93.68,73.87,38.41,4.37,101.41,233.43
257.97,257.28,94.45,40.67,0.99,86.49,200.77
33.72,306.75,196.4,11.83,3.46,108.0,173.63
213.38,394.55,43.87,76.67,1.83,113.89,223.01
106.95,80.37,17.72,37.8,4.9,31.96,143.65
7.06,308.75,172.59,88.22,1.56,20.9,125.89
124.03,142.13,174.35,92.84,0.14,15.85,117.88
74.25,78.49,97.06,4.39,2.63,59.24,108.68
246.57,174.34,105.27,98.87,0.84,77.21,183.33
104.51,319.6,167.98,71.58,0.32,94.27,156.99
249.12,191.29,149.02,53.0,3.52,143.92,239.97
5.18,219.63,56.7,40.17,3.69,52.96,121.79
95.81,398.11,8.29,52.81,2.36,115.33,177.13
76.14,165.65,98.54,33.81,3.42,82.05,145.31
73.9,250.01,172.49,63.02,2.74,36.91,158.34
25.12,152.45,179.69,11.11,3.19,94.22,130.52
60.2,163.19,191.46,62.87,3.02,145.24,158.87
168.89,281.3,176.51,28.98,3.36,23.02,207.08
90.95,375.78,118.11,3.73,1.08,78.56,157.58
128.13,221.52,91.7,56.17,1.42,12.48,138.05
116.18,309.68,156.1,58.69,2.26,51.58,179.26
263.39,44.79,149.27,43.8,2.29,94.99,189.62
272.06,92.35,109.94,9.08,3.89,126.95,222.16
150.42,205.83,22.03,89.55,1.9,110.9,158.73
102.4,17.8,185.59,61.92,0.9,72.11,102.81
36.51,108.61,93.84,13.34,1.33,136.84,92.24
286.25,211.79,75.85,52.07,1.15,48.89,198.06
22.77,15.83,127.77,50.73,3.69,114.33,108.94
92.81,113.17,136.4,7.92,2.4,73.73,128.14
92.93,210.47,46.08,61.47,3.57,135.3,166.21
99.52,233.53,168.2,81.22,2.14,120.63,170.05
53.46,371.04,61.54,75.4,4.46,135.71,199.62
236.03,261.68,41.4,21.89,4.92,36.07,234.35
41.14,171.75,84.25,86.5,3.38,101.88,138.11
192.3,372.84,147.46,35.57,4.33,112.08,258.96
41.53,316.1,193.26,94.76,2.59,112.65,174.03
25.81,88.0,162.81,9.03,4.68,78.08,135.16
273.28,61.03,188.37,49.65,4.17,6.63,218.35
61.09,273.57,32.42,60.52,4.96,42.91,170.89
247.27,228.35,18.88,26.27,3.15,51.88,205.12
165.67,317.97,113.75,77.6,3.92,128.55,232.74
27.97,298.13,61.61,63.44,2.76,126.93,146.84
286.86,253.83,166.47,3.77,1.37,20.18,214.43
77.85,394.69,136.04,61.62,1.84,142.73,185.63
258.6,218.1,194.29,50.16,4.48,31.46,253.15
54.8,54.11,54.68,21.21,0.37,65.08,58.44
256.91,333.03,99.73,99.58,3.0,36.2,244.69
8.9,108.22,102.74,89.92,1.93,129.75,97.95
155.98,313.15,51.64,30.67,1.99,113.66,182.8
231.99,383.27,120.07,55.02,4.43,56.26,267.92
280.76,281.75,91.44,33.02,4.28,103.87,265.51
273.21,242.45,92.11,78.0,3.03,31.73,229.67
246.79,189.55,75.73,93.17,1.44,60.43,187.93
267.02,152.12,8.3,37.17,2.43,59.68,187.59
63.77,147.67,106.81,80.95,2.1,39.5,116.59
88.83,258.19,70.37,50.84,1.83,132.07,150.11
90.25,303.0,5.26,40.86,0.6,103.43,126.14
116.23,274.62,65.05,93.97,2.76,45.59,168.83
121.03,87.38,59.33,52.02,1.58,40.11,109.69
165.64,202.66,81.72,47.81,3.34,7.6,175.04
52.16,318.74,30.71,67.9,1.66,55.25,129.26
208.92,195.52,104.0,27.6,2.21,81.38,186.43
54.43,219.28,140.03,33.83,0.36,45.27,102.16
96.54,310.74,127.89,93.34,4.96,106.57,219.72
153.49,267.89,161.73,68.5,2.59,64.7,194.6
239.95,169.64,93.14,83.01,0.22,50.87,163.09
223.14,359.21,106.22,28.57,2.75,141.16,242.34
195.43,73.4,163.03,55.29,4.36,43.11,194.77
50.95,398.25,88.4,97.2,3.89,62.75,190.71
166.38,56.35,141.81,33.23,3.53,60.43,164.5
30.8,15.83,89.75,17.73,0.78,39.97,48.47
116.32,357.11,86.46,52.07,3.32,36.53,191.45
126.99,105.53,153.24,40.01,3.85,48.85,164.04
16.74,294.58,39.09,17.64,2.9,130.31,136.36
85.83,326.3,71.02,89.08,4.47,116.23,203.7
286.92,345.0,48.71,99.09,1.46,103.74,238.4
286.32,396.72,75.03,57.72,1.29,71.28,240.89
108.94,124.68,49.92,77.92,4.36,78.62,161.0
17.71,286.99,117.98,86.19,3.16,43.74,144.83
57.83,55.01,160.64,70.7,0.11,15.78,69.27
120.7,168.66,158.39,6.33,1.83,53.0,141.81
284.6,340.71,76.08,17.45,4.3,76.86,271.22
46.65,153.39,197.81,8.96,0.23,13.31,85.41
230.24,240.53,120.8,2.97,0.12,17.79,163.03
37.06,206.47,82.88,31.99,1.48,43.14,100.39
294.47,261.92,167.93,40.45,4.58,58.23,276.82
117.58,389.43,147.33,25.62,4.52,62.03,226.64
233.69,31.74,151.11,8.33,2.64,22.09,166.27
106.06,233.84,43.25,53.93,2.81,37.74,148.9
190.16,346.58,96.32,28.79,1.73,42.94,195.05
61.64,197.74,173.06,80.01,1.29,14.81,119.8
48.08,40.63,103.29,2.79,4.09,52.28,112.39
281.73,228.61,138.27,84.57,0.62,15.47,199.24
275.71,139.51,119.65,95.57,2.49,107.0,219.06
266.8,70.43,169.26,72.18,3.21,60.98,210.69
189.5,341.12,60.49,73.9,0.61,52.38,177.47
243.44,213.42,117.22,93.49,2.65,23.35,210.18
25.37,373.98,29.03,22.49,2.93,37.84,141.17
103.76,324.35,139.59,99.47,3.74,38.74,199.14
97.54,280.26,147.73,77.8,1.25,147.85,165.95
192.52,11.96,13.35,73.2,1.54,126.13,130.7
110.01,176.85,136.78,37.39,2.89,7.21,148.07
48.81,87.02,85.86,55.49,4.92,94.44,143.28
180.96,365.21,29.2,66.08,1.17,42.11,180.22
245.24,78.09,86.88,62.79,4.93,20.13,210.01
117.73,121.56,42.88,71.09,3.6,107.31,155.04
44.02,211.57,86.03,10.07,4.15,24.08,139.66
63.02,112.71,79.95,36.85,0.54,69.34,81.92
75.06,91.85,148.99,44.53,1.57,96.66,113.27
93.47,243.65,155.97,27.54,0.38,85.4,130.82
194.62,44.68,123.37,18.92,1.92,146.76,158.01
182.28,32.69,9.42,15.61,4.91,118.93,173.89
210.34,155.18,186.55,37.91,0.62,117.26,173.77
111.94,291.06,138.82,50.36,2.86,56.56,180.16
248.08,226.37,11.67,8.17,0.13,6.22,149.95
65.21,174.92,164.67,94.75,3.59,111.49,165.85
143.37,230.64,44.05,76.99,1.07,149.96,156.27
241.28,152.53,117.95,73.62,0.73,63.85,172.67
58.15,375.1,95.99,18.94,1.75,147.9,163.03
37.41,31.41,86.87,61.17,3.88,25.55,102.4
265.69,272.62,178.49,53.91,0.62,47.99,209.5
106.16,357.6,90.29,98.28,1.23,29.76,160.21
206.74,323.52,19.69,75.27,0.14,73.9,171.09
12.48,81.78,189.59,58.42,4.85,120.56,146.39
208.56,125.41,184.5,85.38,3.0,54.4,197.9
98.25,289.65,138.46,17.2,3.63,136.4,194.59
21.44,42.87,96.24,3.49,3.29,84.0,93.91
184.89,326.63,23.11,69.64,0.81,72.49,172.7
76.04,290.37,159.2,11.63,3.02,119.12,176.63
119.11,294.55,19.72,13.31,0.74,19.71,124.96
28.77,49.09,18.38,74.98,2.07,117.19,80.15
48.41,289.93,109.79,28.51,2.89,40.23,146.02
92.9,275.13,36.23,63.61,2.84,45.72,153.42
31.48,334.06,6.51,91.91,0.68,91.92,113.61
273.69,26.22,87.51,33.01,0.27,135.78,155.55
6.78,19.01,31.76,23.28,4.01,88.87,87.11
147.74,155.47,36.3,12.44,3.66,99.1,166.6
41.36,68.03,20.0,14.79,0.5,117.61,59.78
95.77,227.77,44.99,8.1,0.72,42.6,108.67
278.19,367.77,144.52,10.59,4.47,124.95,293.41
52.7,162.68,162.74,44.34,3.87,65.6,150.33
289.92,339.53,93.24,33.44,4.98,30.47,280.49
65.71,10.09,103.78,71.24,1.34,55.77,79.53
223.76,75.72,11.37,87.28,2.49,40.69,158.54
166.27,21.87,18.52,78.91,1.26,38.16,106.15
265.92,137.98,55.23,54.0,3.15,45.97,201.82
168.43,364.19,111.06,12.04,0.67,31.23,172.74
162.69,47.81,149.21,71.56,0.72,101.82,130.3
62.66,246.5,122.98,37.56,0.45,89.1,116.71
54.04,186.08,81.46,10.39,3.5,99.02,139.42
275.36,376.0,28.07,84.56,2.52,54.84,244.05
101.71,57.78,157.25,35.15,3.13,116.61,143.74
114.76,92.69,75.94,23.39,4.41,23.79,147.87
229.15,21.52,148.53,87.4,3.73,87.81,196.07
104.95,179.23,105.03,90.41,2.36,44.94,144.8
285.86,118.35,149.04,35.22,4.92,81.5,249.97
222.69,349.26,181.92,36.77,2.34,51.93,232.72
181.24,245.93,184.6,58.8,0.65,119.62,182.96
264.86,249.5,109.35,73.88,4.96,134.23,274.23
19.63,217.45,104.74,8.19,0.21,112.67,87.95
80.83,45.82,56.81,60.15,2.79,30.46,102.52
142.19,183.56,187.48,95.38,1.61,44.86,162.19
71.96,399.81,94.29,27.69,2.57,138.31,184.91
224.45,335.74,29.88,91.07,2.84,68.4,223.34
276.17,358.45,89.38,95.12,1.28,141.47,245.44
130.01,331.06,29.78,28.38,2.83,61.91,177.24
105.93,50.19,102.99,75.91,3.8,143.01,153.97
288.66,98.7,114.45,25.4,1.41,139.23,196.88
136.23,11.22,70.86,74.29,1.98,100.78,119.59
149.27,128.37,18.97,80.15,1.41,6.28,118.4
108.74,52.36,188.98,26.23,4.12,63.05,156.2
273.32,194.39,155.8,72.16,3.65,137.13,254.15
172.84,274.08,168.58,81.59,4.37,133.34,242.93
229.84,351.06,76.54,37.14,0.93,32.17,196.17
244.48,302.19,153.36,18.43,0.46,62.88,199.42
105.85,376.05,99.65,11.01,0.68,126.15,162.79
132.94,31.02,44.21,58.39,0.89,88.79,98.5
255.3,14.75,29.26,97.85,2.71,127.86,179.1
112.16,267.92,72.28,82.65,4.86,124.85,209.15
239.21,122.85,31.82,44.71,1.85,136.58,177.74
282.59,108.87,199.66,54.59,4.8,22.0,245.47
188.85,139.05,14.59,29.39,0.29,26.06,116.69
223.78,115.22,91.02,17.98,4.64,17.01,200.18
242.5,209.46,93.16,49.24,0.99,140.61,193.7
254.29,181.66,63.62,47.42,4.57,73.9,231.98
121.54,209.85,116.41,53.15,0.38,14.33,121.14
20.12,272.36,34.25,95.37,4.75,51.62,156.13
123.55,160.98,157.86,61.18,1.08,55.95,136.07
203.76,108.01,69.83,61.37,1.58,122.39,161.82
137.85,74.82,120.31,14.55,2.51,111.64,143.94
225.94,146.29,144.55,99.66,1.97,104.96,196.51
110.31,299.3,178.36,77.74,3.37,8.17,190.3
192.25,305.11,167.98,87.97,4.88,137.05,265.62
59.99,270.09,123.62,42.6,3.07,36.26,152.33
226.06,101.27,80.74,51.21,3.64,96.21,196.87
165.98,239.35,103.12,53.16,0.53,13.96,145.11
65.2,232.57,154.9,21.02,3.18,16.82,148.1
91.11,198.86,176.12,69.57,2.32,6.39,145.41
225.84,224.49,25.24,90.49,4.44,87.06,227.73
147.37,201.8,80.05,18.04,2.0,96.26,157.59
68.73,230.53,156.34,10.46,3.43,12.32,151.38
290.35,289.05,89.17,74.35,1.22,47.12,220.1
215.96,52.75,69.78,28.77,1.37,128.46,150.11
287.35,302.35,85.21,63.14,1.94,19.69,226.61
131.0,63.0,122.55,70.18,1.59,36.4,119.71
145.15,35.98,199.96,33.55,1.34,66.54,128.75
269.9,390.67,101.13,81.88,0.34,127.13,233.67
159.89,383.23,45.66,55.9,4.2,41.95,222.33
213.65,33.57,36.76,87.16,0.42,149.58,135.07
79.39,182.87,13.26,76.8,4.45,56.51,153.2
136.78,82.64,113.97,87.12,0.71,61.04,116.93
41.42,199.28,111.19,3.98,0.42,22.71,83.2
65.76,333.77,45.02,25.86,2.86,103.63,160.82
5.28,380.74,140.59,10.82,2.56,40.3,144.9
16.58,257.36,149.52,45.32,2.51,96.19,137.1
293.3,148.02,55.52,89.22,2.92,37.36,213.5
76.49,245.3,72.1,47.82,1.51,61.24,127.04
200.68,131.68,198.14,85.27,3.35,129.22,214.46
252.53,364.83,77.98,34.06,2.56,112.14,244.33
167.44,349.46,153.36,35.28,1.74,27.42,193.62
50.18,227.71,93.28,89.77,4.15,93.12,164.8
219.79,136.67,159.7,43.73,3.67,96.15,212.99
182.07,124.42,154.96,79.4,2.03,18.13,162.05
220.72,23.03,135.21,25.19,4.25,72.54,190.38
232.08,328.17,171.68,94.98,4.61,42.8,269.27
292.75,185.65,188.15,58.31,2.73,72.73,240.15
174.2,136.8,118.1,76.41,1.15,117.68,157.35
105.78,193.73,51.31,10.77,4.59,27.95,162.84
196.3,329.31,82.73,50.28,1.03,22.88,180.68
25.19,58.6,152.87,90.3,0.34,44.05,65.42
269.73,344.49,131.92,87.95,1.7,143.08,252.41
40.22,360.03,39.67,6.59,3.66,113.43,166.65
101.71,379.22,14.99,31.76,4.62,7.82,192.49
245.64,165.02,138.18,45.45,3.22,63.15,214.35
181.21,94.68,53.96,18.88,4.76,42.32,179.21
